number,value,datetime_start,datetime_complete,duration,params_alpha,params_t_glob,params_thresh,state
0,1.7369620581042395,2026-08-18 10:29:07.855593,2026-08-18 10:29:08.880770,0 days 00:00:01.025177,-1.4073927771148482,0.9337325371353372,0.9894750810463491,COMPLETE
1,2.096037152290906,2026-08-18 10:29:08.880957,2026-08-18 10:29:09.906165,0 days 00:00:01.025208,-2.1326634178008264,1.0348052829209227,0.8935075197138996,COMPLETE
2,1.8992891392203792,2026-08-18 10:29:09.906349,2026-08-18 10:29:10.936946,0 days 00:00:01.030597,-2.9195934289568264,6.762358212363372,0.6507156171590921,COMPLETE
3,1.920881399962267,2026-08-18 10:29:10.937089,2026-08-18 10:29:11.947917,0 days 00:00:01.010828,-1.8453108487839038,1.982009979100443,0.6577487731476974,COMPLETE
4,1.3360431062036644,2026-08-18 10:29:11.948057,2026-08-18 10:29:12.950602,0 days 00:00:01.002545,-0.12755092590970385,4.626999598082976,0.7990651746724319,COMPLETE
5,1.8570251844616608,2026-08-18 10:29:12.950747,2026-08-18 10:29:13.970147,0 days 00:00:01.019400,-1.398623192351288,1.8108911984691294,0.27833281207995797,COMPLETE
6,1.398889414148302,2026-08-18 10:29:13.970280,2026-08-18 10:29:14.962692,0 days 00:00:00.992412,1.6394483308230807,4.850353476311001,0.07752261069362254,COMPLETE
7,,2026-08-18 10:29:14.962831,2026-08-18 10:29:15.944545,0 days 00:00:00.981714,1.6482640580514474,7.4505141760841775,0.16484344057598166,PRUNED
8,1.4930500091623282,2026-08-18 10:29:15.944661,2026-08-18 10:29:16.958485,0 days 00:00:01.013824,-0.7183515591138647,2.68547941570025,0.3929143577268841,COMPLETE
9,1.5079467780910172,2026-08-18 10:29:16.958618,2026-08-18 10:29:17.973660,0 days 00:00:01.015042,-1.0943131976382097,7.705438278580516,0.4087225337651582,COMPLETE
10,,2026-08-18 10:29:17.973791,2026-08-18 10:29:19.001057,0 days 00:00:01.027266,2.9114246442151366,5.132847665400659,0.6788938495857366,PRUNED
11,1.0552574926341511,2026-08-18 10:29:19.001170,2026-08-18 10:29:20.008766,0 days 00:00:01.007596,0.4794245801719639,4.202111457086582,0.025291810503618742,COMPLETE
12,1.1505222543277498,2026-08-18 10:29:20.008902,2026-08-18 10:29:21.010365,0 days 00:00:01.001463,0.4782780218842556,9.911567540210644,0.013000505329242368,COMPLETE
13,1.1904907175883772,2026-08-18 10:29:21.010503,2026-08-18 10:29:22.008568,0 days 00:00:00.998065,0.39782848391820314,9.446693724671736,0.0056269470737714145,COMPLETE
14,,2026-08-18 10:29:22.008711,2026-08-18 10:29:23.009689,0 days 00:00:01.000978,0.6799229054330191,9.917332040467542,0.1730929284699339,PRUNED
15,1.3332755899781643,2026-08-18 10:29:23.009797,2026-08-18 10:29:24.008169,0 days 00:00:00.998372,1.3896676319593955,3.448315341598841,0.010803636640325876,COMPLETE
16,,2026-08-18 10:29:24.008314,2026-08-18 10:29:25.025161,0 days 00:00:01.016847,2.6570480833674335,6.045707083315757,0.2245500441189511,PRUNED
17,1.3606371687907486,2026-08-18 10:29:25.025269,2026-08-18 10:29:26.030213,0 days 00:00:01.004944,-0.12249777045427312,8.631034329879741,0.3663261660338521,COMPLETE
18,1.2937340995809536,2026-08-18 10:29:26.030363,2026-08-18 10:29:27.040501,0 days 00:00:01.010138,0.9251860479707601,3.922977326751623,0.08417208238646356,COMPLETE
19,,2026-08-18 10:29:27.040634,2026-08-18 10:29:28.059586,0 days 00:00:01.018952,2.1943936574331717,5.999616544211525,0.5019590810004183,PRUNED
20,1.2691887738496679,2026-08-18 10:29:28.059700,2026-08-18 10:29:29.075259,0 days 00:00:01.015559,-0.11902875052061768,8.631573552187819,0.11872351871429787,COMPLETE
21,1.198089257688583,2026-08-18 10:29:29.075397,2026-08-18 10:29:30.061226,0 days 00:00:00.985829,0.6681468285040186,9.90279082381517,0.00924364612103401,COMPLETE
22,1.1248832755013862,2026-08-18 10:29:30.061360,2026-08-18 10:29:31.052918,0 days 00:00:00.991558,0.1904308000174612,8.578028584787532,0.00500208747801284,COMPLETE
23,1.5018943912900518,2026-08-18 10:29:31.053071,2026-08-18 10:29:32.036820,0 days 00:00:00.983749,0.2534767561460711,8.486643884122538,0.26848962142956767,COMPLETE
24,1.39838262075464,2026-08-18 10:29:32.036958,2026-08-18 10:29:33.030571,0 days 00:00:00.993613,-0.6057079054290051,7.897276842369704,0.09831677734003388,COMPLETE
25,0.6259621882574644,2026-08-18 10:29:33.030714,2026-08-18 10:29:34.023158,0 days 00:00:00.992444,1.3031947386403009,0.16404151685054202,0.191831240003233,COMPLETE
26,0.7577726640157255,2026-08-18 10:29:34.023293,2026-08-18 10:29:35.013379,0 days 00:00:00.990086,1.3389881086629096,0.2837193446155055,0.21036904707564325,COMPLETE
27,0.7336321548409043,2026-08-18 10:29:35.013516,2026-08-18 10:29:36.029195,0 days 00:00:01.015679,1.174999765750814,0.13720551816356413,0.33309655405978567,COMPLETE
28,1.811294072382537,2026-08-18 10:29:36.029331,2026-08-18 10:29:37.028769,0 days 00:00:00.999438,1.2556943961337366,0.20106725164682018,0.5446449775290418,COMPLETE
29,0.8540657238170853,2026-08-18 10:29:37.028934,2026-08-18 10:29:38.021037,0 days 00:00:00.992103,2.257264391849179,0.14077214355636083,0.3333656368330154,COMPLETE
30,,2026-08-18 10:29:38.021175,2026-08-18 10:29:39.027482,0 days 00:00:01.006307,2.056682720486766,1.0404061379304124,0.46669369575227015,PRUNED
31,1.3119933567049504,2026-08-18 10:29:39.027591,2026-08-18 10:29:40.049425,0 days 00:00:01.021834,2.428710498919095,0.3715298216580857,0.32376243861899,COMPLETE
32,,2026-08-18 10:29:40.049557,2026-08-18 10:29:41.055263,0 days 00:00:01.005706,1.9364155973016404,1.451712015714773,0.23141187468400382,PRUNED
33,1.346647472668108,2026-08-18 10:29:41.055378,2026-08-18 10:29:42.075587,0 days 00:00:01.020209,1.1822144396297594,0.6097642818196473,0.31726520929635404,COMPLETE
34,,2026-08-18 10:29:42.075731,2026-08-18 10:29:43.075996,0 days 00:00:01.000265,1.7379129211424635,2.54464024530507,0.19419491669156408,PRUNED
35,,2026-08-18 10:29:43.076122,2026-08-18 10:29:44.073274,0 days 00:00:00.997152,1.0051284224420094,1.1714954370140114,0.4348994365947136,PRUNED
36,1.156337852487173,2026-08-18 10:29:44.073382,2026-08-18 10:29:45.068903,0 days 00:00:00.995521,2.2456637977556952,0.19464412811163673,0.34189186209635425,COMPLETE
37,,2026-08-18 10:29:45.069039,2026-08-18 10:29:46.067039,0 days 00:00:00.998000,1.430501887235238,2.0458700848290126,0.27616875051201956,PRUNED
38,2.60175965852257,2026-08-18 10:29:46.067150,2026-08-18 10:29:47.090233,0 days 00:00:01.023083,-2.984282108941966,0.7567662387524521,0.9499665278844468,COMPLETE
39,,2026-08-18 10:29:47.090365,2026-08-18 10:29:48.108973,0 days 00:00:01.018608,2.9784694348801786,1.3951420554116627,0.13888600903576465,PRUNED
40,2.0789320498043176,2026-08-18 10:29:48.109098,2026-08-18 10:29:49.148457,0 days 00:00:01.039359,-2.165915970637171,1.939837719321892,0.520193303669427,COMPLETE
41,,2026-08-18 10:29:49.148595,2026-08-18 10:29:50.167395,0 days 00:00:01.018800,0.8324141192274199,2.748721781080427,0.2091704919316536,PRUNED
42,,2026-08-18 10:29:50.167502,2026-08-18 10:29:51.193259,0 days 00:00:01.025757,1.771716372769025,0.7906149110007075,0.26741210351150646,PRUNED
43,0.8868204988539317,2026-08-18 10:29:51.193370,2026-08-18 10:29:52.213309,0 days 00:00:01.019939,1.448718592715033,0.10648660492082154,0.6093380049329253,COMPLETE
44,1.097775234762587,2026-08-18 10:29:52.213454,2026-08-18 10:29:53.231558,0 days 00:00:01.018104,2.5169276705757686,0.17323889372471712,0.6054824808381177,COMPLETE
45,,2026-08-18 10:29:53.231698,2026-08-18 10:29:54.229152,0 days 00:00:00.997454,1.6031301337382995,1.6079673270016137,0.7963788690238947,PRUNED
46,1.5304666859405773,2026-08-18 10:29:54.229261,2026-08-18 10:29:55.222860,0 days 00:00:00.993599,1.1368507712016096,0.8715704529137339,0.7765546799560495,COMPLETE
47,1.4503018025847672,2026-08-18 10:29:55.222998,2026-08-18 10:29:56.208728,0 days 00:00:00.985730,1.5021221554637245,0.5866671998831339,0.7443751289356761,COMPLETE
48,,2026-08-18 10:29:56.208865,2026-08-18 10:29:57.203876,0 days 00:00:00.995011,1.9494317878942549,1.1566654142559019,0.8600325721528848,PRUNED
49,,2026-08-18 10:29:57.203991,2026-08-18 10:29:58.209935,0 days 00:00:01.005944,2.660460343404216,2.1902551081691017,0.5729557142724214,PRUNED
50,1.1097830333548309,2026-08-18 10:29:58.210044,2026-08-18 10:29:59.216191,0 days 00:00:01.006147,0.7491991724065489,0.4758740518213991,0.4020688027514049,COMPLETE
51,1.0149146943109704,2026-08-18 10:29:59.216325,2026-08-18 10:30:00.225174,0 days 00:00:01.008849,0.47180085521203274,3.6754403890706557,0.06314851926740125,COMPLETE
52,0.5021230400360097,2026-08-18 10:30:00.225304,2026-08-18 10:30:01.247375,0 days 00:00:01.022071,1.2158545733017803,0.12794308147564168,0.16607503652366382,COMPLETE
53,0.48942035184771054,2026-08-18 10:30:01.247509,2026-08-18 10:30:02.261063,0 days 00:00:01.013554,1.2860697841999038,0.14403060146536742,0.14334259095005558,COMPLETE
54,1.3356568546415046,2026-08-18 10:30:02.261203,2026-08-18 10:30:03.259713,0 days 00:00:00.998510,1.0762923568869878,1.1606980766713066,0.1544414434879182,COMPLETE
55,1.4388213654688091,2026-08-18 10:30:03.259846,2026-08-18 10:30:04.260872,0 days 00:00:01.001026,1.2940630205569337,0.5411720549133111,0.25324136350141124,COMPLETE
56,,2026-08-18 10:30:04.261004,2026-08-18 10:30:05.257218,0 days 00:00:00.996214,1.8195232470193687,0.8577051670468147,0.30348163400016376,PRUNED
57,,2026-08-18 10:30:05.257335,2026-08-18 10:30:06.262157,0 days 00:00:01.004822,2.140231217856442,1.5476042535710868,0.18442425750199312,PRUNED
58,1.0342581028362356,2026-08-18 10:30:06.262265,2026-08-18 10:30:07.271065,0 days 00:00:01.008800,0.8786165896351372,0.49635305548949216,0.06363284897110225,COMPLETE
59,1.081346575714882,2026-08-18 10:30:07.271196,2026-08-18 10:30:08.297608,0 days 00:00:01.026412,0.5623710189522033,0.13403949105307522,0.35992268582873116,COMPLETE
60,1.064873948874271,2026-08-18 10:30:08.297749,2026-08-18 10:30:09.320115,0 days 00:00:01.022366,0.1858234392175675,1.2711352169337005,0.1103584912563259,COMPLETE
61,0.5246631361915162,2026-08-18 10:30:09.320247,2026-08-18 10:30:10.337014,0 days 00:00:01.016767,1.4704986312979182,0.10930869105102974,0.1443356853863108,COMPLETE
62,1.5957465785278788,2026-08-18 10:30:10.337150,2026-08-18 10:30:11.346460,0 days 00:00:01.009310,1.2890769796916255,0.9458138427393136,0.15341762767151948,COMPLETE
63,1.3753510627948016,2026-08-18 10:30:11.346596,2026-08-18 10:30:12.344242,0 days 00:00:00.997646,1.600829500502587,0.5521317946194471,0.21678172588458614,COMPLETE
64,1.445180804843981,2026-08-18 10:30:12.344378,2026-08-18 10:30:13.349421,0 days 00:00:01.005043,2.3531642461687197,0.38523224320806826,0.2445798347362193,COMPLETE
65,1.1167573966869835,2026-08-18 10:30:13.349556,2026-08-18 10:30:14.354159,0 days 00:00:01.004603,1.0068887509710702,1.7424689812343588,0.04719233267870328,COMPLETE
66,0.6632851088373998,2026-08-18 10:30:14.354298,2026-08-18 10:30:15.367152,0 days 00:00:01.012854,1.9542647653527476,0.1107033676106452,0.12910147174830675,COMPLETE
67,1.4332420249134619,2026-08-18 10:30:15.367288,2026-08-18 10:30:16.372020,0 days 00:00:01.004732,1.9152666334718524,0.8292668946503539,0.12778058170298606,COMPLETE
68,1.2513063797915442,2026-08-18 10:30:16.372157,2026-08-18 10:30:17.376984,0 days 00:00:01.004827,1.6285032949841853,0.386285077424768,0.17219703669819522,COMPLETE
69,1.3201454148712217,2026-08-18 10:30:17.377129,2026-08-18 10:30:18.392280,0 days 00:00:01.015151,1.39322034727614,0.9928528391422488,0.09862058702054083,COMPLETE
70,,2026-08-18 10:30:18.392413,2026-08-18 10:30:19.392213,0 days 00:00:00.999800,1.1756260684120137,1.379936666582925,0.19088497135270713,PRUNED
71,0.9951290866581841,2026-08-18 10:30:19.392324,2026-08-18 10:30:20.403215,0 days 00:00:01.010891,2.0779697519248987,0.18797283821269425,0.29709465727939544,COMPLETE
72,1.3893745394133028,2026-08-18 10:30:20.403351,2026-08-18 10:30:21.423990,0 days 00:00:01.020639,2.5866687850299335,0.6852316557928386,0.1367942575194395,COMPLETE
73,1.3072915666171,2026-08-18 10:30:21.424124,2026-08-18 10:30:22.437763,0 days 00:00:01.013639,1.7668394596216321,0.3745882140384966,0.22528145706383268,COMPLETE
74,2.744163506698299,2026-08-18 10:30:22.437895,2026-08-18 10:30:23.443293,0 days 00:00:01.005398,2.3448647743212234,0.14712198781233535,0.36675068763958085,COMPLETE
75,,2026-08-18 10:30:23.443428,2026-08-18 10:30:24.452048,0 days 00:00:01.008620,2.7501213135728175,0.6956692666194574,0.4391057963532875,PRUNED
76,1.3087855984502113,2026-08-18 10:30:24.452160,2026-08-18 10:30:25.448903,0 days 00:00:00.996743,1.0191908724925927,2.285611009393604,0.08456547837848921,COMPLETE
77,0.7948223687092556,2026-08-18 10:30:25.449044,2026-08-18 10:30:26.466083,0 days 00:00:01.017039,0.6640414040276934,1.0603005286984832,0.03219637309757839,COMPLETE
78,1.2190699330317454,2026-08-18 10:30:26.466218,2026-08-18 10:30:27.474944,0 days 00:00:01.008726,0.6538363468734787,1.765209829415589,0.12259010605949255,COMPLETE
79,0.7875365471385188,2026-08-18 10:30:27.475078,2026-08-18 10:30:28.487256,0 days 00:00:01.012178,0.914934654145465,1.1678560711308663,0.03633490247053329,COMPLETE
80,1.3394012803408308,2026-08-18 10:30:28.487386,2026-08-18 10:30:29.501899,0 days 00:00:01.014513,0.3572836319402028,3.087464154266333,0.16596945173890665,COMPLETE
81,0.7620949148012883,2026-08-18 10:30:29.502033,2026-08-18 10:30:30.536491,0 days 00:00:01.034458,0.06470378309789171,1.073593161647795,0.036794857790487245,COMPLETE
82,1.112317460304364,2026-08-18 10:30:30.536635,2026-08-18 10:30:31.566048,0 days 00:00:01.029413,-0.403737285410443,1.1994888201055847,0.05458462170030312,COMPLETE
83,0.8551303732052257,2026-08-18 10:30:31.566192,2026-08-18 10:30:32.607289,0 days 00:00:01.041097,1.4564342119281726,0.38557565799980104,0.031677266767978746,COMPLETE
84,0.7805500621793668,2026-08-18 10:30:32.607434,2026-08-18 10:30:33.621851,0 days 00:00:01.014417,0.843253699937333,0.698368557528171,0.0826110948927344,COMPLETE
85,1.1505060473945865,2026-08-18 10:30:33.621996,2026-08-18 10:30:34.660934,0 days 00:00:01.038938,-0.20786850378605448,0.6843102085045014,0.09304628135732287,COMPLETE
86,1.4340266787765714,2026-08-18 10:30:34.661162,2026-08-18 10:30:35.670122,0 days 00:00:01.008960,1.2899616562396377,0.9123987119264055,0.2111155622103375,COMPLETE
87,1.2495367774188637,2026-08-18 10:30:35.670276,2026-08-18 10:30:36.667543,0 days 00:00:00.997267,0.10769300665587309,1.5985586649962982,0.14995557340055837,COMPLETE
88,2.2593866914755325,2026-08-18 10:30:36.667723,2026-08-18 10:30:37.701766,0 days 00:00:01.034043,-1.0360261832131195,0.10098872198843767,0.11183336258472605,COMPLETE
89,0.6017254435261657,2026-08-18 10:30:37.701923,2026-08-18 10:30:38.727615,0 days 00:00:01.025692,0.7895796116693145,0.42936452258099544,0.08206329702889384,COMPLETE
90,1.0754946597551143,2026-08-18 10:30:38.727758,2026-08-18 10:30:39.731083,0 days 00:00:01.003325,1.6170842557661378,0.39690297920394224,0.17623124373183852,COMPLETE
91,0.9245385776834567,2026-08-18 10:30:39.731211,2026-08-18 10:30:40.754223,0 days 00:00:01.023012,0.03672595770558019,0.624366406042928,0.06683792669204362,COMPLETE
92,1.0952060910392263,2026-08-18 10:30:40.754360,2026-08-18 10:30:41.747316,0 days 00:00:00.992956,1.1851037099314659,0.3715110388127273,0.08260745257414837,COMPLETE
93,0.7470685384894407,2026-08-18 10:30:41.747451,2026-08-18 10:30:42.743464,0 days 00:00:00.996013,0.7757981930539776,0.786536900194736,0.000493511410405767,COMPLETE
94,0.8419829126848591,2026-08-18 10:30:42.743603,2026-08-18 10:30:43.737179,0 days 00:00:00.993576,1.5313481937473958,1.3651055407749066,0.014644119331897378,COMPLETE
95,,2026-08-18 10:30:43.737315,2026-08-18 10:30:44.734526,0 days 00:00:00.997211,1.3467521842933918,0.8970905444520485,0.24098570706143074,PRUNED
96,2.5418640623675066,2026-08-18 10:30:44.734643,2026-08-18 10:30:45.764383,0 days 00:00:01.029740,-2.609938728054237,0.3594820414498647,0.2003252378667883,COMPLETE
97,1.4131525971812253,2026-08-18 10:30:45.764515,2026-08-18 10:30:46.776670,0 days 00:00:01.012155,0.34716255377960875,6.430275875459209,0.13637217429057724,COMPLETE
98,1.2517514879108331,2026-08-18 10:30:46.776803,2026-08-18 10:30:47.787144,0 days 00:00:01.010341,1.0518160841754831,1.0233667754764777,0.1124773167395855,COMPLETE
99,1.2140296866550815,2026-08-18 10:30:47.787278,2026-08-18 10:30:48.806596,0 days 00:00:01.019318,0.763448523214206,0.5534190919512281,0.2632209046407102,COMPLETE
100,0.7435741128729025,2026-08-18 10:30:48.806731,2026-08-18 10:30:49.827303,0 days 00:00:01.020572,0.5672652475515277,0.22919324633029345,0.05346446268947422,COMPLETE
101,0.704916646799045,2026-08-18 10:30:49.827441,2026-08-18 10:30:50.860166,0 days 00:00:01.032725,0.519798377067671,0.2810935960693657,0.0461305312331135,COMPLETE
102,0.705402478792996,2026-08-18 10:30:50.860296,2026-08-18 10:30:51.879207,0 days 00:00:01.018911,0.5310728543363052,0.24017524205931506,0.00427962284912334,COMPLETE
103,0.6092763187428463,2026-08-18 10:30:51.879345,2026-08-18 10:30:52.903676,0 days 00:00:01.024331,0.543281824633979,0.29033987677619544,0.003752900604502788,COMPLETE
104,1.1725727592121393,2026-08-18 10:30:52.903809,2026-08-18 10:30:53.923843,0 days 00:00:01.020034,0.5477701871956896,0.1003491789761681,0.062195359737985366,COMPLETE
105,0.840797609540542,2026-08-18 10:30:53.923978,2026-08-18 10:30:54.968715,0 days 00:00:01.044737,0.4555807185676251,0.25959972359311567,0.022934230470117157,COMPLETE
106,1.0403125021915622,2026-08-18 10:30:54.968855,2026-08-18 10:30:55.981463,0 days 00:00:01.012608,0.25658545292929147,5.360460901807311,0.05062556840087659,COMPLETE
107,0.9203945198058617,2026-08-18 10:30:55.981611,2026-08-18 10:30:57.024391,0 days 00:00:01.042780,0.5825617241092631,0.5232261430081194,0.09923172221783376,COMPLETE
108,0.3423670260092157,2026-08-18 10:30:57.024541,2026-08-18 10:30:58.034606,0 days 00:00:01.010065,1.2028466400960793,0.2967858007027015,0.01608675653401969,COMPLETE
109,0.874772414968427,2026-08-18 10:30:58.034757,2026-08-18 10:30:59.046609,0 days 00:00:01.011852,1.1939180571602896,0.5381729987368308,0.01898558110245844,COMPLETE
110,0.9730736987670033,2026-08-18 10:30:59.046768,2026-08-18 10:31:00.078587,0 days 00:00:01.031819,0.9103204015870137,0.7728040510579333,0.00028684265210677205,COMPLETE
111,0.42642387679524885,2026-08-18 10:31:00.078717,2026-08-18 10:31:01.108006,0 days 00:00:01.029289,1.0941454338240626,0.281435562372431,0.07960622943964438,COMPLETE
112,1.9198578302735685,2026-08-18 10:31:01.108143,2026-08-18 10:31:02.100513,0 days 00:00:00.992370,1.043088782025505,0.3579675545996944,0.15309706399398065,COMPLETE
113,0.8736812754503895,2026-08-18 10:31:02.100689,2026-08-18 10:31:03.103706,0 days 00:00:01.003017,1.912097311265149,0.3150220917048514,0.12837743005396926,COMPLETE
114,0.5703312327257475,2026-08-18 10:31:03.103840,2026-08-18 10:31:04.105870,0 days 00:00:01.002030,1.0995828145220967,0.1008958322790301,0.043958370824043,COMPLETE
115,1.8080141898610178,2026-08-18 10:31:04.106008,2026-08-18 10:31:05.107532,0 days 00:00:01.001524,1.1241680314352487,0.5502356730631464,0.06592637671387232,COMPLETE
116,1.9881605929761244,2026-08-18 10:31:05.107670,2026-08-18 10:31:06.103734,0 days 00:00:00.996064,1.7019956134641323,0.27900130209648777,0.10426065044208015,COMPLETE
117,0.9573284891823391,2026-08-18 10:31:06.103881,2026-08-18 10:31:07.119264,0 days 00:00:01.015383,0.6896628558303222,0.12507820325236502,0.07912061424137533,COMPLETE
118,1.4420378564728284,2026-08-18 10:31:07.119398,2026-08-18 10:31:08.122644,0 days 00:00:01.003246,0.9456922238884128,0.7107879000285686,0.039924852921727594,COMPLETE
119,1.1688175786454045,2026-08-18 10:31:08.122786,2026-08-18 10:31:09.137032,0 days 00:00:01.014246,1.416499955266118,0.9161430639243076,0.07927077757181357,COMPLETE
120,0.456080310790664,2026-08-18 10:31:09.137166,2026-08-18 10:31:10.165124,0 days 00:00:01.027958,1.2930048704350128,0.10213465125270815,0.022117036573237964,COMPLETE
121,0.8115507262662903,2026-08-18 10:31:10.165259,2026-08-18 10:31:11.173034,0 days 00:00:01.007775,1.2399632540470438,0.49980708545440705,0.02080512710542387,COMPLETE
122,0.39313915577300146,2026-08-18 10:31:11.173174,2026-08-18 10:31:12.177561,0 days 00:00:01.004387,1.5046977725075927,0.11693338277961669,0.0003132354060609412,COMPLETE
123,0.8026126859379529,2026-08-18 10:31:12.177702,2026-08-18 10:31:13.177203,0 days 00:00:00.999501,1.517251719874793,0.5133860098984483,0.050779598730689046,COMPLETE
124,0.5736716118346133,2026-08-18 10:31:13.177336,2026-08-18 10:31:14.187253,0 days 00:00:01.009917,1.3595559517208013,0.12577378900891084,0.17991152260210355,COMPLETE
125,0.7727812701768086,2026-08-18 10:31:14.187387,2026-08-18 10:31:15.199482,0 days 00:00:01.012095,1.8033616375262693,0.10223105501053859,0.18917707732366335,COMPLETE
126,1.2733956801827289,2026-08-18 10:31:15.199626,2026-08-18 10:31:16.209925,0 days 00:00:01.010299,1.3180340092719673,0.7766300691558439,0.16282084791769963,COMPLETE
127,1.1679755682516544,2026-08-18 10:31:16.210057,2026-08-18 10:31:17.204542,0 days 00:00:00.994485,1.501806126303702,0.4265563018680889,0.13841805161924808,COMPLETE
128,0.5434713207737103,2026-08-18 10:31:17.204684,2026-08-18 10:31:18.241602,0 days 00:00:01.036918,1.1479703634828446,0.1070834512678455,0.11620970737964946,COMPLETE
129,1.070194131847409,2026-08-18 10:31:18.241749,2026-08-18 10:31:19.255376,0 days 00:00:01.013627,1.0527008462468357,0.6096080366778821,0.108008759588213,COMPLETE
130,,2026-08-18 10:31:19.255512,2026-08-18 10:31:20.257443,0 days 00:00:01.001931,1.3731928238064197,1.278784243329502,0.1744408754756458,PRUNED
131,0.5085566565905653,2026-08-18 10:31:20.257557,2026-08-18 10:31:21.285375,0 days 00:00:01.027818,1.173057400385987,0.13179324264803816,0.12301105650394646,COMPLETE
132,2.3877363788391923,2026-08-18 10:31:21.285508,2026-08-18 10:31:22.283770,0 days 00:00:00.998262,1.1936645852485674,0.3519698125121201,0.14791762509152415,COMPLETE
133,0.6886912465705002,2026-08-18 10:31:22.283907,2026-08-18 10:31:23.311893,0 days 00:00:01.027986,0.8801960461031292,0.11078980306181721,0.09004508113457683,COMPLETE
134,1.1943377726344244,2026-08-18 10:31:23.312029,2026-08-18 10:31:24.305178,0 days 00:00:00.993149,1.6019139102455793,0.6898092612508786,0.11668666709145604,COMPLETE
135,0.6893653171208569,2026-08-18 10:31:24.305311,2026-08-18 10:31:25.317816,0 days 00:00:01.012505,1.110902399676892,0.45611092784641755,0.026071009041461958,COMPLETE
136,1.3459749177605576,2026-08-18 10:31:25.317950,2026-08-18 10:31:26.319127,0 days 00:00:01.001177,1.2964120486296409,0.9371233632970382,0.224352065816894,COMPLETE
137,0.39573152099453984,2026-08-18 10:31:26.319263,2026-08-18 10:31:27.344303,0 days 00:00:01.025040,0.948881290581943,0.3193244203847551,0.07692567513625143,COMPLETE
138,0.3974687758553043,2026-08-18 10:31:27.344439,2026-08-18 10:31:28.362737,0 days 00:00:01.018298,0.8101554869840587,0.32398360048495317,0.07036920720111868,COMPLETE
139,0.744954978759453,2026-08-18 10:31:28.362868,2026-08-18 10:31:29.369125,0 days 00:00:01.006257,0.9591003337620231,0.6545255192039581,0.0672998762915793,COMPLETE
140,1.193428516586778,2026-08-18 10:31:29.369260,2026-08-18 10:31:30.374982,0 days 00:00:01.005722,0.7627176168203434,1.0712696799360277,0.09758948921936796,COMPLETE
141,0.4105776789487316,2026-08-18 10:31:30.375122,2026-08-18 10:31:31.388969,0 days 00:00:01.013847,0.8193180532406263,0.3101737174651342,0.07322878928521928,COMPLETE
142,1.268976249013471,2026-08-18 10:31:31.389116,2026-08-18 10:31:32.399784,0 days 00:00:01.010668,0.8594635510727795,0.4324351548848594,0.12400527193957983,COMPLETE
143,0.8021588414807878,2026-08-18 10:31:32.399918,2026-08-18 10:31:33.401577,0 days 00:00:01.001659,1.1101261421134148,0.3358773025475438,0.07792769034782487,COMPLETE
144,0.42633149006987353,2026-08-18 10:31:33.401722,2026-08-18 10:31:34.418469,0 days 00:00:01.016747,1.4192784006624497,0.1211298200256747,0.036331341089446925,COMPLETE
145,1.006221347663629,2026-08-18 10:31:34.418601,2026-08-18 10:31:35.431622,0 days 00:00:01.013021,1.3883858214417053,0.8029049750123242,0.04061344689973438,COMPLETE
146,0.4273936727601144,2026-08-18 10:31:35.431799,2026-08-18 10:31:36.454028,0 days 00:00:01.022229,1.2219784747391373,0.12422347483284835,0.02693379210382697,COMPLETE
147,0.7704363035553736,2026-08-18 10:31:36.454164,2026-08-18 10:31:37.468444,0 days 00:00:01.014280,1.2067693824221453,0.611545052035067,0.06343572752345206,COMPLETE
148,0.3263131115178365,2026-08-18 10:31:37.468579,2026-08-18 10:31:38.494991,0 days 00:00:01.026412,0.9882043448212461,0.27071321841147467,0.026123558105024713,COMPLETE
149,0.3180128620997986,2026-08-18 10:31:38.495136,2026-08-18 10:31:39.515358,0 days 00:00:01.020222,0.9886142217666358,0.2999327864793313,0.025816187712378674,COMPLETE
150,0.6066045358539918,2026-08-18 10:31:39.515534,2026-08-18 10:31:40.525306,0 days 00:00:01.009772,0.9437007408745337,0.8632671990457572,0.018081301364395886,COMPLETE
151,0.580612798725427,2026-08-18 10:31:40.525449,2026-08-18 10:31:41.541320,0 days 00:00:01.015871,1.5374922083453182,0.29201247669392405,0.031063616186083932,COMPLETE
152,1.4251762226748883,2026-08-18 10:31:41.541460,2026-08-18 10:31:42.555884,0 days 00:00:01.014424,1.2133174749040037,0.5319092419311322,0.05739035743072289,COMPLETE
153,0.3069169846143638,2026-08-18 10:31:42.556046,2026-08-18 10:31:43.574593,0 days 00:00:01.018547,0.9999704574877712,0.29871667456171563,0.002179007387852927,COMPLETE
154,0.330923467429346,2026-08-18 10:31:43.574753,2026-08-18 10:31:44.592069,0 days 00:00:01.017316,1.0278104346718882,0.3149229477897494,0.026479602263235966,COMPLETE
155,0.33274355709730064,2026-08-18 10:31:44.592211,2026-08-18 10:31:45.632691,0 days 00:00:01.040480,0.9744108316775169,0.3598581018021946,0.005646790727808146,COMPLETE
156,1.190639749484154,2026-08-18 10:31:45.632855,2026-08-18 10:31:46.662861,0 days 00:00:01.030006,0.9668421506020685,0.6593477158036436,0.001560923040183293,COMPLETE
157,0.3717953077941435,2026-08-18 10:31:46.663019,2026-08-18 10:31:47.696506,0 days 00:00:01.033487,0.7129089148643071,0.355809358939638,0.022509348142303078,COMPLETE
158,0.34213771826199274,2026-08-18 10:31:47.696663,2026-08-18 10:31:48.700984,0 days 00:00:01.004321,0.7859076727935824,0.4403371338738543,0.022305467286686163,COMPLETE
159,0.6768667106830073,2026-08-18 10:31:48.701120,2026-08-18 10:31:49.713034,0 days 00:00:01.011914,0.6735803078945934,0.9777739533858243,0.02482662903433932,COMPLETE
160,0.4304335866145065,2026-08-18 10:31:49.713173,2026-08-18 10:31:50.716536,0 days 00:00:01.003363,0.8374347254369775,0.4986854423251865,0.000131781613830758,COMPLETE
161,0.3494147470312423,2026-08-18 10:31:50.716679,2026-08-18 10:31:51.723399,0 days 00:00:01.006720,0.8161840563149148,0.4546290745322679,0.0002461685796635374,COMPLETE
162,0.3591220809278441,2026-08-18 10:31:51.723535,2026-08-18 10:31:52.769426,0 days 00:00:01.045891,0.7829525756210091,0.4509917191696474,0.002835828216025663,COMPLETE
163,0.9121995519574998,2026-08-18 10:31:52.769560,2026-08-18 10:31:53.788263,0 days 00:00:01.018703,0.7133507081444379,0.7558339905446465,0.03714823406159429,COMPLETE
164,0.33794328912070076,2026-08-18 10:31:53.788395,2026-08-18 10:31:54.803979,0 days 00:00:01.015584,0.982189909133891,0.3784474274709335,0.019539315032927787,COMPLETE
165,0.321868180916328,2026-08-18 10:31:54.804113,2026-08-18 10:31:55.834929,0 days 00:00:01.030816,0.7820779536629372,0.381717242277859,0.01462819957190406,COMPLETE
166,0.5570879914790637,2026-08-18 10:31:55.835093,2026-08-18 10:31:56.839646,0 days 00:00:01.004553,0.37733364001714753,0.4954416024199837,0.01589416732357151,COMPLETE
167,0.9353533687252147,2026-08-18 10:31:56.839780,2026-08-18 10:31:57.858643,0 days 00:00:01.018863,0.7977486697055811,1.1419394576141428,0.000874662375112318,COMPLETE
168,0.7107427284022453,2026-08-18 10:31:57.858785,2026-08-18 10:31:58.878954,0 days 00:00:01.020169,0.6488176378512198,0.8132576152409482,0.04695097392170267,COMPLETE
169,1.2579665140155676,2026-08-18 10:31:58.879096,2026-08-18 10:31:59.887338,0 days 00:00:01.008242,0.9621031326879724,9.070416124254729,0.03610420675125286,COMPLETE
170,0.4347898303963771,2026-08-18 10:31:59.887490,2026-08-18 10:32:00.908226,0 days 00:00:01.020736,0.8133784824675627,0.39272510405250083,0.05806702456833243,COMPLETE
171,0.32672723862681374,2026-08-18 10:32:00.908361,2026-08-18 10:32:01.924525,0 days 00:00:01.016164,1.0147651299100502,0.354613560314747,0.020037820198668364,COMPLETE
172,0.6373479199983141,2026-08-18 10:32:01.924668,2026-08-18 10:32:02.936928,0 days 00:00:01.012260,1.0033579326678446,0.5961780847221153,0.022483836879150735,COMPLETE
173,1.2559933188479047,2026-08-18 10:32:02.937064,2026-08-18 10:32:03.936771,0 days 00:00:00.999707,0.6648350864213993,7.539296651052077,7.647381840280437e-05,COMPLETE
174,0.3516278853711691,2026-08-18 10:32:03.936908,2026-08-18 10:32:04.958453,0 days 00:00:01.021545,0.9144775075323205,0.3476989401802257,0.04099972400412258,COMPLETE
175,0.3622323902406138,2026-08-18 10:32:04.958587,2026-08-18 10:32:05.975081,0 days 00:00:01.016494,0.881827677322554,0.37187604277456227,0.04954075897635547,COMPLETE
176,1.0856387769353497,2026-08-18 10:32:05.975218,2026-08-18 10:32:06.988283,0 days 00:00:01.013065,0.8895211398225442,0.6435973306568379,0.05043999671696163,COMPLETE
177,0.43447965428536894,2026-08-18 10:32:06.988416,2026-08-18 10:32:07.999244,0 days 00:00:01.010828,1.0074384437661634,0.41864498777765724,0.014794752792567298,COMPLETE
178,0.687037243490731,2026-08-18 10:32:07.999376,2026-08-18 10:32:08.999504,0 days 00:00:01.000128,0.7044810239773598,0.8734180156526834,0.01903696111813305,COMPLETE
179,0.6250947481108182,2026-08-18 10:32:08.999637,2026-08-18 10:32:10.023004,0 days 00:00:01.023367,0.4175642771131209,0.6681994300578136,0.043916696011210156,COMPLETE
180,0.44431645097963673,2026-08-18 10:32:10.023133,2026-08-18 10:32:11.050057,0 days 00:00:01.026924,0.6204692696378262,0.36382642503176643,0.059283942829419005,COMPLETE
181,0.3709969319767816,2026-08-18 10:32:11.050193,2026-08-18 10:32:12.075011,0 days 00:00:01.024818,0.8155365085594837,0.3497572727689703,0.06701975740868098,COMPLETE
182,0.44998482940901735,2026-08-18 10:32:12.075138,2026-08-18 10:32:13.097164,0 days 00:00:01.022026,0.9046371376222645,0.49011737035926584,0.016733656836734796,COMPLETE
183,0.3636790139083176,2026-08-18 10:32:13.097328,2026-08-18 10:32:14.119265,0 days 00:00:01.021937,0.7615466168048719,0.3374621944048588,0.0335223017748516,COMPLETE
184,0.8139629897646444,2026-08-18 10:32:14.119397,2026-08-18 10:32:15.132911,0 days 00:00:01.013514,0.9985376570781811,0.5811001109084091,0.03748600117898508,COMPLETE
185,0.8570818783505632,2026-08-18 10:32:15.133045,2026-08-18 10:32:16.147429,0 days 00:00:01.014384,0.7215101625365965,0.7873210936122745,0.00014683861642144383,COMPLETE
186,0.3275217479035871,2026-08-18 10:32:16.147565,2026-08-18 10:32:17.172980,0 days 00:00:01.025415,0.91088573789895,0.3204457894680415,0.02585641081234894,COMPLETE
187,0.4243666200471095,2026-08-18 10:32:17.173119,2026-08-18 10:32:18.193058,0 days 00:00:01.019939,0.567024103680091,0.4929313693409339,0.022910880555791456,COMPLETE
188,0.7934042398954525,2026-08-18 10:32:18.193193,2026-08-18 10:32:19.196024,0 days 00:00:01.002831,1.0389270508653778,0.9165036367857953,0.04220548818189019,COMPLETE
189,0.3681112200984178,2026-08-18 10:32:19.196157,2026-08-18 10:32:20.212822,0 days 00:00:01.016665,0.7924542292725634,0.3273602145209542,0.015778751066598214,COMPLETE
190,0.6697387357695244,2026-08-18 10:32:20.212955,2026-08-18 10:32:21.219409,0 days 00:00:01.006454,0.7713103686711594,0.6839884346728071,0.02588555274870173,COMPLETE
191,0.2961361108935161,2026-08-18 10:32:21.219551,2026-08-18 10:32:22.245466,0 days 00:00:01.025915,0.9136667236177801,0.32900173179920156,0.0003473177044305644,COMPLETE
192,0.37106135019126385,2026-08-18 10:32:22.245601,2026-08-18 10:32:23.267990,0 days 00:00:01.022389,0.8810351227422172,0.36716913219749386,0.04433956277235286,COMPLETE
193,0.7480152256526866,2026-08-18 10:32:23.268126,2026-08-18 10:32:24.287800,0 days 00:00:01.019674,0.9064231996388545,0.488444944733201,0.052368316096996916,COMPLETE
194,0.3172430775662676,2026-08-18 10:32:24.287935,2026-08-18 10:32:25.304948,0 days 00:00:01.017013,1.0592366169290857,0.3161160055083528,0.0005076026443211479,COMPLETE
195,1.1573448941756683,2026-08-18 10:32:25.305078,2026-08-18 10:32:26.308879,0 days 00:00:01.003801,1.0614913963476518,4.385362787382565,0.01112926722395094,COMPLETE
196,1.2937078981835628,2026-08-18 10:32:26.309013,2026-08-18 10:32:27.322682,0 days 00:00:01.013669,1.0794887110311613,0.6517358978726927,6.83099398159229e-05,COMPLETE
197,0.3485502644172335,2026-08-18 10:32:27.322817,2026-08-18 10:32:28.335105,0 days 00:00:01.012288,0.8522429563648595,0.31115675695852923,0.031634045811758535,COMPLETE
198,0.3343557073295969,2026-08-18 10:32:28.335261,2026-08-18 10:32:29.352589,0 days 00:00:01.017328,0.956724533703597,0.29768599806060214,0.03322969793347469,COMPLETE
199,1.007209276059961,2026-08-18 10:32:29.352729,2026-08-18 10:32:30.346314,0 days 00:00:00.993585,1.0267777036753654,1.017443044123752,0.03561738861069503,COMPLETE
200,0.6391067620933656,2026-08-18 10:32:30.346464,2026-08-18 10:32:31.362011,0 days 00:00:01.015547,0.9220917431790392,0.5607935693302497,0.03201737914670886,COMPLETE
201,0.3427960209147532,2026-08-18 10:32:31.362151,2026-08-18 10:32:32.380059,0 days 00:00:01.017908,0.8428217934719608,0.28957207018255643,0.016882496598144,COMPLETE
202,0.3164410077883021,2026-08-18 10:32:32.380221,2026-08-18 10:32:33.392675,0 days 00:00:01.012454,1.1276556184224964,0.2664555027359072,0.018496339750218912,COMPLETE
203,0.3289528377389247,2026-08-18 10:32:33.392819,2026-08-18 10:32:34.391673,0 days 00:00:00.998854,1.0824354673529544,0.26600536018902254,0.0001049159403416957,COMPLETE
204,0.31169244746863456,2026-08-18 10:32:34.391808,2026-08-18 10:32:35.395767,0 days 00:00:01.003959,1.1347357977667525,0.2616950504189994,0.01360238337808791,COMPLETE
205,0.36025264349616914,2026-08-18 10:32:35.395904,2026-08-18 10:32:36.403568,0 days 00:00:01.007664,1.1715160742073787,0.30062706945142065,0.0195053765480637,COMPLETE
206,2.149488123126695,2026-08-18 10:32:36.403706,2026-08-18 10:32:37.423364,0 days 00:00:01.019658,-1.7497647926512911,0.7159226262052512,0.0008138099026236308,COMPLETE
207,0.31951093028049526,2026-08-18 10:32:37.423499,2026-08-18 10:32:38.441568,0 days 00:00:01.018069,1.1027098178173202,0.24978255814939915,0.020427153134949125,COMPLETE
208,0.33193058828188193,2026-08-18 10:32:38.441706,2026-08-18 10:32:39.454455,0 days 00:00:01.012749,1.0878079666774851,0.22250672420079082,0.019505050353286688,COMPLETE
209,0.3241858608780773,2026-08-18 10:32:39.454588,2026-08-18 10:32:40.464690,0 days 00:00:01.010102,1.099900727858942,0.2300722795384028,0.022439910897923326,COMPLETE
210,0.29965268808103285,2026-08-18 10:32:40.464825,2026-08-18 10:32:41.482949,0 days 00:00:01.018124,1.1268908819970331,0.24638594325600321,0.019275131221081595,COMPLETE
211,0.3401408955049734,2026-08-18 10:32:41.483084,2026-08-18 10:32:42.496213,0 days 00:00:01.013129,1.101598648152555,0.22793586033700974,0.028143852742723297,COMPLETE
212,0.49776424203617087,2026-08-18 10:32:42.496344,2026-08-18 10:32:43.509704,0 days 00:00:01.013360,1.1187718272708054,0.13019254117558293,0.056612642267007046,COMPLETE
213,0.4004870140520706,2026-08-18 10:32:43.509850,2026-08-18 10:32:44.530253,0 days 00:00:01.020403,1.2956965668114173,0.11203732878772571,0.021299163712669298,COMPLETE
214,0.7546378023787139,2026-08-18 10:32:44.530387,2026-08-18 10:32:45.528831,0 days 00:00:00.998444,1.1239049801410386,0.5593120802984807,0.0214116887583731,COMPLETE
215,0.33108870913970023,2026-08-18 10:32:45.528970,2026-08-18 10:32:46.526390,0 days 00:00:00.997420,1.0538184719833557,0.2419673669286629,0.04837723490893866,COMPLETE
216,0.3572181140676894,2026-08-18 10:32:46.526527,2026-08-18 10:32:47.528746,0 days 00:00:01.002219,1.0951716840697725,0.2234405106762253,0.060423389607899336,COMPLETE
217,0.8134366985076653,2026-08-18 10:32:47.528883,2026-08-18 10:32:48.526453,0 days 00:00:00.997570,1.0399490706328296,0.557505540999534,0.03621414819470555,COMPLETE
218,0.38977188999318907,2026-08-18 10:32:48.526581,2026-08-18 10:32:49.526541,0 days 00:00:00.999960,1.2262060585029528,0.24947057587600746,0.05160652816166668,COMPLETE
219,0.7680601555694354,2026-08-18 10:32:49.526685,2026-08-18 10:32:50.526311,0 days 00:00:00.999626,1.035573525325406,0.7088841967983528,0.01924417438475432,COMPLETE
220,1.9891104172649896,2026-08-18 10:32:50.526462,2026-08-18 10:32:51.525276,0 days 00:00:00.998814,1.2337961104866146,0.5221662624738337,0.06640795385999083,COMPLETE
221,0.3143618235590694,2026-08-18 10:32:51.525408,2026-08-18 10:32:52.525664,0 days 00:00:01.000256,1.1571653544586151,0.26049359215608997,0.0014081977390944414,COMPLETE
222,0.47667669520312855,2026-08-18 10:32:52.525800,2026-08-18 10:32:53.539588,0 days 00:00:01.013788,1.121208026409269,0.10526310785932833,0.0032290994965501908,COMPLETE
223,0.32855724222416244,2026-08-18 10:32:53.539726,2026-08-18 10:32:54.548474,0 days 00:00:01.008748,0.9763773582718847,0.26669028523734795,0.036210418557190996,COMPLETE
224,0.37017675144055967,2026-08-18 10:32:54.548605,2026-08-18 10:32:55.550927,0 days 00:00:01.002322,0.9940586881190007,0.22445121088888212,0.03961656342818792,COMPLETE
225,0.33064086717641866,2026-08-18 10:32:55.551067,2026-08-18 10:32:56.561786,0 days 00:00:01.010719,1.1292693357666574,0.2996813544845496,7.127334308021371e-05,COMPLETE
226,,2026-08-18 10:32:56.561928,2026-08-18 10:32:57.565622,0 days 00:00:01.003694,1.3271319697256168,6.959635921795621,0.0010179563690377001,PRUNED
227,1.2498836308213288,2026-08-18 10:32:57.565742,2026-08-18 10:32:58.569983,0 days 00:00:01.004241,0.9877568278829688,0.4716932347378328,0.9768733915876544,COMPLETE
228,0.5223140904231827,2026-08-18 10:32:58.570113,2026-08-18 10:32:59.590462,0 days 00:00:01.020349,1.258040753145411,0.10163480207094172,0.00046148826034902665,COMPLETE
229,0.6918723179171175,2026-08-18 10:32:59.590599,2026-08-18 10:33:00.582538,0 days 00:00:00.991939,1.1628024686833254,0.5937197941281427,0.042973980651923344,COMPLETE
230,0.3363048507277246,2026-08-18 10:33:00.582683,2026-08-18 10:33:01.585289,0 days 00:00:01.002606,1.000932493507544,0.2558346546319742,0.018847427800460455,COMPLETE
231,0.329298664972805,2026-08-18 10:33:01.585427,2026-08-18 10:33:02.593666,0 days 00:00:01.008239,1.0144080354955591,0.26861161417329865,0.02475974896016251,COMPLETE
232,2.2480148859605555,2026-08-18 10:33:02.593797,2026-08-18 10:33:03.587144,0 days 00:00:00.993347,1.0743335453320568,0.2683236117862996,0.701834145811492,COMPLETE
233,0.37603238661576144,2026-08-18 10:33:03.587300,2026-08-18 10:33:04.586479,0 days 00:00:00.999179,1.195547448746344,0.2609892610596152,0.03213985828157073,COMPLETE
234,0.5187645358885805,2026-08-18 10:33:04.586622,2026-08-18 10:33:05.588055,0 days 00:00:01.001433,0.9693773617002295,0.46594333172534047,0.00015959115398431895,COMPLETE
235,0.4881419052771689,2026-08-18 10:33:05.588191,2026-08-18 10:33:06.591276,0 days 00:00:01.003085,1.3126662544213628,0.26163621598035924,0.05180524668107735,COMPLETE
236,0.5069970340875578,2026-08-18 10:33:06.591410,2026-08-18 10:33:07.597399,0 days 00:00:01.005989,1.1282361037882442,0.11372944961389655,0.01888759404446044,COMPLETE
237,0.7278285358644674,2026-08-18 10:33:07.597536,2026-08-18 10:33:08.590100,0 days 00:00:00.992564,1.0116406120882226,0.515546221124537,0.033931382972586265,COMPLETE
238,0.8292041652656933,2026-08-18 10:33:08.590237,2026-08-18 10:33:09.585629,0 days 00:00:00.995392,0.9585970293435369,0.7481054041647056,0.017446045848345065,COMPLETE
239,1.2960961405409372,2026-08-18 10:33:09.585775,2026-08-18 10:33:10.593920,0 days 00:00:01.008145,1.1907934530125717,0.44373978713448514,0.06523973687108484,COMPLETE
240,0.365225359178039,2026-08-18 10:33:10.594054,2026-08-18 10:33:11.605390,0 days 00:00:01.011336,1.1020817800889393,0.28936437236166845,0.04742231160886267,COMPLETE
241,0.6095484641561765,2026-08-18 10:33:11.605531,2026-08-18 10:33:12.618077,0 days 00:00:01.012546,0.937280921323566,0.10276281869836168,0.020867765543495977,COMPLETE
242,0.37822006727389285,2026-08-18 10:33:12.618207,2026-08-18 10:33:13.621320,0 days 00:00:01.003113,1.0017143099260235,0.40952582562087514,0.018938972298360494,COMPLETE
243,0.31150043130089683,2026-08-18 10:33:13.621459,2026-08-18 10:33:14.636024,0 days 00:00:01.014565,0.9352787848852153,0.326937439512909,0.0008907011797726731,COMPLETE
244,0.3227242642154476,2026-08-18 10:33:14.636160,2026-08-18 10:33:15.644123,0 days 00:00:01.007963,1.0886690432458432,0.30431647923793315,0.00034075418596552637,COMPLETE
245,0.943332012732832,2026-08-18 10:33:15.644259,2026-08-18 10:33:16.644202,0 days 00:00:00.999943,1.2745905825512833,0.517336855372063,0.0019362929291146767,COMPLETE
246,0.6781493978270888,2026-08-18 10:33:16.644371,2026-08-18 10:33:17.649524,0 days 00:00:01.005153,1.1224809969311282,0.6440465564744733,0.03837985778181435,COMPLETE
247,0.31825033296858724,2026-08-18 10:33:17.649662,2026-08-18 10:33:18.654546,0 days 00:00:01.004884,0.9057035266181073,0.30613159275189755,0.0017986566213059486,COMPLETE
248,0.4512495514755993,2026-08-18 10:33:18.654689,2026-08-18 10:33:19.667566,0 days 00:00:01.012877,1.3851634465529354,0.10059877848282225,0.0016913933266713543,COMPLETE
249,0.49924640834180223,2026-08-18 10:33:19.667719,2026-08-18 10:33:20.690803,0 days 00:00:01.023084,0.8777422364529941,0.4837706162178953,0.0004394815846105321,COMPLETE
250,0.801743534429774,2026-08-18 10:33:20.690946,2026-08-18 10:33:21.696396,0 days 00:00:01.005450,1.0983675896221765,0.6951266716005308,0.015789624059624634,COMPLETE
251,0.4652387333943119,2026-08-18 10:33:21.696528,2026-08-18 10:33:22.711006,0 days 00:00:01.014478,1.221948254194716,0.3050188983298695,0.03667964922658287,COMPLETE
252,0.37976051667152844,2026-08-18 10:33:22.711147,2026-08-18 10:33:23.729369,0 days 00:00:01.018222,0.9003941241918966,0.43552693329339437,0.0010177239593130692,COMPLETE
253,0.3973481355026088,2026-08-18 10:33:23.729508,2026-08-18 10:33:24.745973,0 days 00:00:01.016465,1.0786251204993984,0.3075536001682609,0.054194206405926454,COMPLETE
254,0.4444820366884287,2026-08-18 10:33:24.746107,2026-08-18 10:33:25.761443,0 days 00:00:01.015336,1.2344897309724001,0.10647764824052974,0.02246066865420751,COMPLETE
255,0.8778088766696408,2026-08-18 10:33:25.761578,2026-08-18 10:33:26.763042,0 days 00:00:01.001464,1.0289251519079037,0.7567939050132844,0.030665223602598515,COMPLETE
256,0.5939517768095126,2026-08-18 10:33:26.763179,2026-08-18 10:33:27.771126,0 days 00:00:01.007947,0.8918459323050163,0.5656014825345372,0.015819948671934266,COMPLETE
257,0.413571404935087,2026-08-18 10:33:27.771280,2026-08-18 10:33:28.781896,0 days 00:00:01.010616,1.137837063583166,0.30356094257184046,0.05152165089363907,COMPLETE
258,0.8097584555688706,2026-08-18 10:33:28.782031,2026-08-18 10:33:29.780728,0 days 00:00:00.998697,1.3930523391752805,0.5740917641233971,0.03568380395838072,COMPLETE
259,0.7524305522954955,2026-08-18 10:33:29.780860,2026-08-18 10:33:30.783441,0 days 00:00:01.002581,0.9212901738948899,0.42469643789221645,0.07284112792308906,COMPLETE
260,1.0231991052745992,2026-08-18 10:33:30.783582,2026-08-18 10:33:31.782429,0 days 00:00:00.998847,1.292855126067392,0.8791754174319191,0.0004494539589643548,COMPLETE
261,0.30111270735711876,2026-08-18 10:33:31.782565,2026-08-18 10:33:32.805659,0 days 00:00:01.023094,1.0349333371878298,0.28788219749758404,0.018037874116059695,COMPLETE
262,0.5005035429349881,2026-08-18 10:33:32.805798,2026-08-18 10:33:33.822082,0 days 00:00:01.016284,1.1652990590364283,0.11282819872023456,0.05012518287615104,COMPLETE
263,0.3344307083315658,2026-08-18 10:33:33.822215,2026-08-18 10:33:34.830156,0 days 00:00:01.007941,1.0755335390191891,0.2944586222580834,0.02606782584280478,COMPLETE
264,1.6944365063240492,2026-08-18 10:33:34.830292,2026-08-18 10:33:35.832806,0 days 00:00:01.002514,0.834304930272898,0.5890131321936689,0.0786457902257113,COMPLETE
265,0.47886516790006667,2026-08-18 10:33:35.832945,2026-08-18 10:33:36.841518,0 days 00:00:01.008573,0.7085496003882676,0.2717628017580506,0.02360903996652282,COMPLETE
266,0.613504371470966,2026-08-18 10:33:36.841668,2026-08-18 10:33:37.838943,0 days 00:00:00.997275,1.049300777624113,0.4717043333300891,0.00023070992586522604,COMPLETE
267,0.8195645025568407,2026-08-18 10:33:37.839090,2026-08-18 10:33:38.833936,0 days 00:00:00.994846,1.2162962740972465,0.7511793750429729,0.04082922496627166,COMPLETE
268,0.6651138194713838,2026-08-18 10:33:38.834074,2026-08-18 10:33:39.838603,0 days 00:00:01.004529,0.9098915033070535,0.10215178871354402,0.0595554948591521,COMPLETE
269,0.356194853829815,2026-08-18 10:33:39.838745,2026-08-18 10:33:40.859634,0 days 00:00:01.020889,1.0916138574116625,0.31786204385291,0.021149648637819533,COMPLETE
270,0.7828905217958413,2026-08-18 10:33:40.859774,2026-08-18 10:33:41.869769,0 days 00:00:01.009995,1.3562263428079133,0.5857343908750723,0.037537073741855706,COMPLETE
271,0.42903693416834887,2026-08-18 10:33:41.869901,2026-08-18 10:33:42.863097,0 days 00:00:00.993196,0.9781537161098897,0.4358219122355877,0.017607946785851404,COMPLETE
272,0.46928190015878984,2026-08-18 10:33:42.863233,2026-08-18 10:33:43.890274,0 days 00:00:01.027041,0.7112433226790671,0.2653772973766347,0.05856130065785055,COMPLETE
273,0.4752352644296114,2026-08-18 10:33:43.890410,2026-08-18 10:33:44.912590,0 days 00:00:01.022180,1.2562313379535794,0.10516090338163601,8.985957772084737e-05,COMPLETE
274,0.774688870210788,2026-08-18 10:33:44.912728,2026-08-18 10:33:45.923362,0 days 00:00:01.010634,0.8533234881374714,0.7997664891720964,0.03881892308681449,COMPLETE
275,0.6955338690348591,2026-08-18 10:33:45.923498,2026-08-18 10:33:46.915443,0 days 00:00:00.991945,1.149059121069411,0.4738051838905696,0.019855364950900938,COMPLETE
276,1.3973956717283789,2026-08-18 10:33:46.915579,2026-08-18 10:33:47.922038,0 days 00:00:01.006459,1.0249092363018755,8.049544194156407,0.0871977321747026,COMPLETE
277,0.3135610030850582,2026-08-18 10:33:47.922178,2026-08-18 10:33:48.938884,0 days 00:00:01.016706,0.9485504272497327,0.29532088311697385,0.018279357015037842,COMPLETE
278,0.9237891810873099,2026-08-18 10:33:48.939017,2026-08-18 10:33:49.948747,0 days 00:00:01.009730,0.8408470355158425,0.6322112496264715,0.04693559719733667,COMPLETE
279,0.3496924611419992,2026-08-18 10:33:49.948880,2026-08-18 10:33:50.973060,0 days 00:00:01.024180,0.7423544496845552,0.407648878738768,0.0003068286394809841,COMPLETE
280,1.2571256519612386,2026-08-18 10:33:50.973192,2026-08-18 10:33:51.983725,0 days 00:00:01.010533,0.949906624991428,0.6800396378377509,0.03611620178388686,COMPLETE
281,0.5454810959556505,2026-08-18 10:33:51.983861,2026-08-18 10:33:52.987762,0 days 00:00:01.003901,1.1731051459302837,0.10564336841144656,0.0664051748936572,COMPLETE
282,2.6721401482760894,2026-08-18 10:33:52.987900,2026-08-18 10:33:54.010786,0 days 00:00:01.022886,-2.735922976428067,0.4041677700893249,0.018921639838744713,COMPLETE
283,0.5437807945957038,2026-08-18 10:33:54.010930,2026-08-18 10:33:55.032904,0 days 00:00:01.021974,0.6043504851322345,0.27793915472811676,0.01790160655129325,COMPLETE
284,0.9776521499801691,2026-08-18 10:33:55.033032,2026-08-18 10:33:56.028049,0 days 00:00:00.995017,0.9944493151896872,0.5148993987838717,0.0459854066206837,COMPLETE
285,0.9565011878960858,2026-08-18 10:33:56.028188,2026-08-18 10:33:57.027037,0 days 00:00:00.998849,1.3144352020667442,0.8497924485998728,0.0005984583054736772,COMPLETE
286,0.33144033951070606,2026-08-18 10:33:57.027177,2026-08-18 10:33:58.040626,0 days 00:00:01.013449,0.8678783756148182,0.29640179972737885,0.03115400808065399,COMPLETE
287,0.59345461415895,2026-08-18 10:33:58.040771,2026-08-18 10:33:59.057420,0 days 00:00:01.016649,1.0463985322624223,0.10158076264561447,0.062178203733949805,COMPLETE
288,0.5845430707443325,2026-08-18 10:33:59.057573,2026-08-18 10:34:00.063537,0 days 00:00:01.005964,0.7608862142850068,0.6401815543340277,0.0001166392657879732,COMPLETE
289,0.6547779130793088,2026-08-18 10:34:00.063679,2026-08-18 10:34:01.071633,0 days 00:00:01.007954,1.1658858335807891,0.41134808187611593,0.030983463775096986,COMPLETE
290,0.7157471461714889,2026-08-18 10:34:01.071777,2026-08-18 10:34:02.073044,0 days 00:00:01.001267,1.4490155734808832,0.5802988733121052,0.018285771097879187,COMPLETE
291,0.350485539709148,2026-08-18 10:34:02.073187,2026-08-18 10:34:03.075409,0 days 00:00:01.002222,0.9635460918978519,0.2834128869070091,0.04922641110065104,COMPLETE
292,1.1275211441585953,2026-08-18 10:34:03.075541,2026-08-18 10:34:04.075946,0 days 00:00:01.000405,1.2477094728584248,0.911054481062332,0.08469219175374955,COMPLETE
293,1.154761375955574,2026-08-18 10:34:04.076106,2026-08-18 10:34:05.073020,0 days 00:00:00.996914,0.8769752291584598,5.311852149074951,0.019879669230052504,COMPLETE
294,0.8347379092367836,2026-08-18 10:34:05.073154,2026-08-18 10:34:06.072858,0 days 00:00:00.999704,1.09188549178488,0.46217514361940104,0.03859096461537208,COMPLETE
295,0.5497759022085623,2026-08-18 10:34:06.072993,2026-08-18 10:34:07.080808,0 days 00:00:01.007815,0.6448672646895899,0.2775430180501573,0.06431121649976666,COMPLETE
296,0.809864698877843,2026-08-18 10:34:07.080940,2026-08-18 10:34:08.086397,0 days 00:00:01.005457,0.9958442192559983,0.7331888208967747,0.02049416466130189,COMPLETE
297,0.7799084208137746,2026-08-18 10:34:08.086532,2026-08-18 10:34:09.116297,0 days 00:00:01.029765,0.7743646367157846,0.10210211653542284,0.03711328390600174,COMPLETE
298,1.4022734109583692,2026-08-18 10:34:09.116428,2026-08-18 10:34:10.128722,0 days 00:00:01.012294,1.1755081263575953,0.46382277886114787,0.8400289330226279,COMPLETE
299,0.3852635023611639,2026-08-18 10:34:10.128855,2026-08-18 10:34:11.135878,0 days 00:00:01.007023,1.3177867202479252,0.2721367442829407,0.0007594357997297596,COMPLETE
300,0.7325394825048485,2026-08-18 10:34:11.136014,2026-08-18 10:34:12.198031,0 days 00:00:01.062017,0.9143546400125576,0.6329366641244714,0.019053613280959825,COMPLETE
301,0.353034545821292,2026-08-18 10:34:12.198179,2026-08-18 10:34:13.211326,0 days 00:00:01.013147,1.0644634865236882,0.28548550953058566,0.05307623019138208,COMPLETE
302,0.5145468701533384,2026-08-18 10:34:13.211472,2026-08-18 10:34:14.231920,0 days 00:00:01.020448,0.8289187938393491,0.5351333185366194,0.0007564952772763749,COMPLETE
303,0.6056700488447695,2026-08-18 10:34:14.232056,2026-08-18 10:34:15.251444,0 days 00:00:01.019388,1.1670240450181597,0.3995998911297851,0.035611049759634354,COMPLETE
304,1.0327010083214017,2026-08-18 10:34:15.251581,2026-08-18 10:34:16.238857,0 days 00:00:00.987276,1.004790281689336,1.0393256626762784,0.07039452930999603,COMPLETE
305,0.9175010115115149,2026-08-18 10:34:16.239029,2026-08-18 10:34:17.242991,0 days 00:00:01.003962,1.4336226219904873,0.7857571676280726,0.015525594249764891,COMPLETE
306,0.6807735215975559,2026-08-18 10:34:17.243126,2026-08-18 10:34:18.264078,0 days 00:00:01.020952,0.9302049592159354,0.10177934839292671,0.045234589386680894,COMPLETE
307,0.38628698198909683,2026-08-18 10:34:18.264212,2026-08-18 10:34:19.269392,0 days 00:00:01.005180,1.2690918488859917,0.2872538641181655,0.0003230583628344215,COMPLETE
308,0.7493526775126621,2026-08-18 10:34:19.269526,2026-08-18 10:34:20.271271,0 days 00:00:01.001745,1.095758698601373,0.49293424981248246,0.03215645648903516,COMPLETE
309,0.5064967392928469,2026-08-18 10:34:20.271405,2026-08-18 10:34:21.265473,0 days 00:00:00.994068,0.6997494981734085,0.6676962130971409,0.01895758112187221,COMPLETE
310,0.4120634052096534,2026-08-18 10:34:21.265607,2026-08-18 10:34:22.276582,0 days 00:00:01.010975,0.8623244821191683,0.27196753174967697,0.08969086139918075,COMPLETE
311,0.8433676266285836,2026-08-18 10:34:22.276724,2026-08-18 10:34:23.278989,0 days 00:00:01.002265,1.003547296739071,0.44682230070363926,0.056782094670935826,COMPLETE
312,0.3322707697684331,2026-08-18 10:34:23.279126,2026-08-18 10:34:24.288296,0 days 00:00:01.009170,1.1745556301955526,0.25504397238356696,0.033487905126045346,COMPLETE
313,0.4882009320095876,2026-08-18 10:34:24.288430,2026-08-18 10:34:25.300667,0 days 00:00:01.012237,1.0795525643527115,0.11305945752976679,0.017062598181162777,COMPLETE
314,0.9778974017925262,2026-08-18 10:34:25.300822,2026-08-18 10:34:26.307417,0 days 00:00:01.006595,0.9300459720361023,0.6047426501313098,0.051493246635589934,COMPLETE
315,0.777478954744245,2026-08-18 10:34:26.307547,2026-08-18 10:34:27.320751,0 days 00:00:01.013204,1.3248949580609164,0.42359165281060873,0.017477645374102367,COMPLETE
316,0.8501095137311284,2026-08-18 10:34:27.320882,2026-08-18 10:34:28.346441,0 days 00:00:01.025559,0.7993087921221249,0.10198321238713082,0.03348976922876819,COMPLETE
317,1.0427182607917225,2026-08-18 10:34:28.346576,2026-08-18 10:34:29.352886,0 days 00:00:01.006310,1.2297180788949174,0.7789670138726638,0.0012494341172709523,COMPLETE
318,0.9984816028878319,2026-08-18 10:34:29.353017,2026-08-18 10:34:30.353583,0 days 00:00:01.000566,1.0750247437840335,0.40471909872129397,0.06762829826795626,COMPLETE
319,0.570433475180066,2026-08-18 10:34:30.353721,2026-08-18 10:34:31.366258,0 days 00:00:01.012537,0.614163015718094,0.2794769847172761,0.019990449629549482,COMPLETE
320,0.6763301345843589,2026-08-18 10:34:31.366393,2026-08-18 10:34:32.367671,0 days 00:00:01.001278,0.945409787627526,0.5441885093123632,0.04008235100237916,COMPLETE
321,0.8376358672533066,2026-08-18 10:34:32.367810,2026-08-18 10:34:33.377158,0 days 00:00:01.009348,1.1347970378145005,0.8907069226841655,0.01796874989320181,COMPLETE
322,0.3690307828088836,2026-08-18 10:34:33.377287,2026-08-18 10:34:34.398815,0 days 00:00:01.021528,0.8009495626538753,0.2815418987591356,0.04996076665668745,COMPLETE
323,0.5275247352997032,2026-08-18 10:34:34.398946,2026-08-18 10:34:35.398240,0 days 00:00:00.999294,0.9987865979916536,0.6329424041336313,0.0014805983705242422,COMPLETE
324,0.46235404741393105,2026-08-18 10:34:35.398386,2026-08-18 10:34:36.405554,0 days 00:00:01.007168,1.3405115080617183,0.10063908984248024,0.03395939757459104,COMPLETE
325,0.7345100891248766,2026-08-18 10:34:36.405693,2026-08-18 10:34:37.405792,0 days 00:00:01.000099,0.887142227492405,0.4407889019770408,0.07076193128937514,COMPLETE
326,0.35268420275687096,2026-08-18 10:34:37.405933,2026-08-18 10:34:38.430146,0 days 00:00:01.024213,1.200982550137236,0.2920186590960126,0.00042424575275179163,COMPLETE
327,1.0542860002295087,2026-08-18 10:34:38.430283,2026-08-18 10:34:39.458290,0 days 00:00:01.028007,1.0561316283276747,0.6215787917850005,0.031562816969322297,COMPLETE
328,0.9666417624588954,2026-08-18 10:34:39.458454,2026-08-18 10:34:40.499222,0 days 00:00:01.040768,0.7125492316369991,0.10141912355965141,0.018801392222505167,COMPLETE
329,0.7494889713037417,2026-08-18 10:34:40.499380,2026-08-18 10:34:41.526274,0 days 00:00:01.026894,0.9643025840264209,0.4606794716576214,0.056063964037062,COMPLETE
330,1.1259482614954432,2026-08-18 10:34:41.526418,2026-08-18 10:34:42.537564,0 days 00:00:01.011146,1.4481509781491235,0.7794449379134654,0.08636312094448127,COMPLETE
331,,2026-08-18 10:34:42.537711,2026-08-18 10:34:43.543793,0 days 00:00:01.006082,1.2170871874993097,5.778270764547803,0.0002814054995528989,PRUNED
332,0.4075826775801199,2026-08-18 10:34:43.543900,2026-08-18 10:34:44.545771,0 days 00:00:01.001871,1.0877599574365335,0.3107333259933682,0.04229057373873539,COMPLETE
333,0.3669158095051157,2026-08-18 10:34:44.545915,2026-08-18 10:34:45.564319,0 days 00:00:01.018404,0.8562811445414089,0.44856553873483607,0.02046516327822125,COMPLETE
334,0.7105034662671904,2026-08-18 10:34:45.564450,2026-08-18 10:34:46.567099,0 days 00:00:01.002649,0.5342395458162419,1.012708452553324,0.0326273726425256,COMPLETE
335,1.0099338047634523,2026-08-18 10:34:46.567237,2026-08-18 10:34:47.576239,0 days 00:00:01.009002,0.7684518303092687,0.5829632614516391,0.056799640564272474,COMPLETE
336,0.32046178802878406,2026-08-18 10:34:47.576377,2026-08-18 10:34:48.580438,0 days 00:00:01.004061,1.0558292807131076,0.254343689686576,0.0168344804489101,COMPLETE
337,1.3006092943601095,2026-08-18 10:34:48.580576,2026-08-18 10:34:49.577478,0 days 00:00:00.996902,0.9317349957622052,9.510710734476408,0.015377335928932475,COMPLETE
338,1.8491944441905601,2026-08-18 10:34:49.577613,2026-08-18 10:34:50.598129,0 days 00:00:01.020516,-0.9474702879595891,0.2947018251768783,0.0006364799723811085,COMPLETE
339,0.4457968078234346,2026-08-18 10:34:50.598267,2026-08-18 10:34:51.597312,0 days 00:00:00.999045,1.2698965964439135,0.10073584835253915,0.020722139168015963,COMPLETE
340,0.9125799585270882,2026-08-18 10:34:51.597446,2026-08-18 10:34:52.591049,0 days 00:00:00.993603,1.1376800203176947,0.6821392308988019,0.017412344243245823,COMPLETE
341,0.5236132462067941,2026-08-18 10:34:52.591187,2026-08-18 10:34:53.596064,0 days 00:00:01.004877,1.0000120458725648,0.45185406493934394,0.035917550293869664,COMPLETE
342,0.4487030586533563,2026-08-18 10:34:53.596193,2026-08-18 10:34:54.607822,0 days 00:00:01.011629,0.6532148221663594,0.3064017407165211,0.017300030228023247,COMPLETE
343,1.2337010987225279,2026-08-18 10:34:54.607949,2026-08-18 10:34:55.598512,0 days 00:00:00.990563,0.8395766802499238,3.314616173826604,0.00017814661036874563,COMPLETE
344,0.9411700864727418,2026-08-18 10:34:55.598643,2026-08-18 10:34:56.595600,0 days 00:00:00.996957,1.356974578962605,0.5477636199585169,0.036261700738818466,COMPLETE
345,0.896019264317019,2026-08-18 10:34:56.595737,2026-08-18 10:34:57.588815,0 days 00:00:00.993078,1.1686740893503416,0.886202422847344,0.049447465245137844,COMPLETE
346,0.39029162782141413,2026-08-18 10:34:57.588949,2026-08-18 10:34:58.600246,0 days 00:00:01.011297,1.0269031522042236,0.2813947626788237,0.07169236496098348,COMPLETE
347,0.4313064940448479,2026-08-18 10:34:58.600379,2026-08-18 10:34:59.609876,0 days 00:00:01.009497,0.9427061538035771,0.4565053899038376,0.020198178352728573,COMPLETE
348,0.9700047217893425,2026-08-18 10:34:59.610008,2026-08-18 10:35:00.625572,0 days 00:00:01.015564,1.10541854239273,0.6783537275182275,0.0013654260569482906,COMPLETE
349,0.8691081108081171,2026-08-18 10:35:00.625712,2026-08-18 10:35:01.648261,0 days 00:00:01.022549,0.7487692038224382,0.11295742096837583,0.03270366361723831,COMPLETE
350,1.1616568771105837,2026-08-18 10:35:01.648393,2026-08-18 10:35:02.660638,0 days 00:00:01.012245,1.2555933113739395,0.41180273895533,0.9171089111708604,COMPLETE
351,2.0207786093524263,2026-08-18 10:35:02.660779,2026-08-18 10:35:03.689206,0 days 00:00:01.028427,0.8667545767480636,0.29313051096622267,0.5612470319175963,COMPLETE
352,1.1730886650825478,2026-08-18 10:35:03.689337,2026-08-18 10:35:04.684948,0 days 00:00:00.995611,1.0284689248844954,0.6871641588395434,0.051245515295587504,COMPLETE
353,0.6856536342658948,2026-08-18 10:35:04.685082,2026-08-18 10:35:05.700508,0 days 00:00:01.015426,1.1763743718464108,0.46484536012462085,0.00038712949005735163,COMPLETE
354,0.4115976469520814,2026-08-18 10:35:05.700641,2026-08-18 10:35:06.723524,0 days 00:00:01.022883,1.503356158493995,0.10461388755564935,0.028073204795641227,COMPLETE
355,0.3058426326010737,2026-08-18 10:35:06.723665,2026-08-18 10:35:07.757647,0 days 00:00:01.033982,0.92903593966453,0.2904528661477738,0.017195874942245025,COMPLETE
356,0.387680573900808,2026-08-18 10:35:07.757780,2026-08-18 10:35:08.780620,0 days 00:00:01.022840,0.7804941164898096,0.27236702895101117,0.01638741353073961,COMPLETE
357,1.4122186544492084,2026-08-18 10:35:08.780782,2026-08-18 10:35:09.794814,0 days 00:00:01.014032,0.922032151300022,0.8212885633454057,0.00024782346175493755,COMPLETE
358,2.007237122581612,2026-08-18 10:35:09.794947,2026-08-18 10:35:10.823294,0 days 00:00:01.028347,-1.698709728339542,0.5777260540845057,0.04027189812223171,COMPLETE
359,0.5811055558499241,2026-08-18 10:35:10.823442,2026-08-18 10:35:11.841443,0 days 00:00:01.018001,0.4629946596355516,0.42780152188922316,0.06194887905093324,COMPLETE
360,0.5484055804946412,2026-08-18 10:35:11.841581,2026-08-18 10:35:12.879746,0 days 00:00:01.038165,0.6334702902977066,0.26105020401764284,0.018892779336525653,COMPLETE
361,0.556185887614179,2026-08-18 10:35:12.879945,2026-08-18 10:35:13.898240,0 days 00:00:01.018295,0.8789578357529392,0.5599411139270045,0.03495774629523424,COMPLETE
362,,2026-08-18 10:35:13.898384,2026-08-18 10:35:14.883838,0 days 00:00:00.985454,1.1081842266709663,1.1662723423029908,0.6446999131791564,PRUNED
363,0.44543547404372186,2026-08-18 10:35:14.883950,2026-08-18 10:35:15.908099,0 days 00:00:01.024149,1.3928064911693423,0.2844816102316393,0.01700303716286113,COMPLETE
364,0.6377491917962235,2026-08-18 10:35:15.908233,2026-08-18 10:35:16.916803,0 days 00:00:01.008570,0.9917013671882109,0.11319021136168442,0.0744268696149066,COMPLETE
365,0.8193347008557346,2026-08-18 10:35:16.916935,2026-08-18 10:35:17.913535,0 days 00:00:00.996600,1.2581963157262561,0.7882701409221127,0.04934195255950004,COMPLETE
366,0.3548023906593319,2026-08-18 10:35:17.913673,2026-08-18 10:35:18.920792,0 days 00:00:01.007119,0.8159754700179216,0.44494768656993755,0.0004100692796970007,COMPLETE
367,2.210539619230392,2026-08-18 10:35:18.920929,2026-08-18 10:35:19.932520,0 days 00:00:01.011591,-2.088099028967826,0.6006647750404097,0.027330654720331162,COMPLETE
368,0.5224466892406758,2026-08-18 10:35:19.932659,2026-08-18 10:35:20.945384,0 days 00:00:01.012725,1.1380948539522058,0.2723069419156238,0.09474310809233372,COMPLETE
369,0.6905622555080775,2026-08-18 10:35:20.945514,2026-08-18 10:35:21.962494,0 days 00:00:01.016980,0.9719940037191311,0.4316250633071904,0.04584896948714338,COMPLETE
370,0.40347573842648765,2026-08-18 10:35:21.962627,2026-08-18 10:35:22.984304,0 days 00:00:01.021677,0.7624955985140489,0.2688466715793215,0.014980247285836506,COMPLETE
371,0.5422526786053782,2026-08-18 10:35:22.984440,2026-08-18 10:35:24.004121,0 days 00:00:01.019681,1.0668653404211308,0.11249476412934914,0.032809281520567404,COMPLETE
372,0.8464526515140087,2026-08-18 10:35:24.004259,2026-08-18 10:35:25.003133,0 days 00:00:00.998874,1.26494283937348,0.9698539632488308,0.01644361078536972,COMPLETE
373,1.9620585177779941,2026-08-18 10:35:25.003263,2026-08-18 10:35:26.001494,0 days 00:00:00.998231,0.9093115504327592,0.6916117345665447,0.06367092209081279,COMPLETE
374,0.3640701714562015,2026-08-18 10:35:26.001624,2026-08-18 10:35:27.013336,0 days 00:00:01.011712,0.6752023243015781,0.4498944788505579,0.0009343428811245703,COMPLETE
375,1.2084775495502116,2026-08-18 10:35:27.013471,2026-08-18 10:35:28.009405,0 days 00:00:00.995934,1.1861121935679373,0.5810695849496268,0.038174691323688274,COMPLETE
376,0.31132651289615243,2026-08-18 10:35:28.009542,2026-08-18 10:35:29.019459,0 days 00:00:01.009917,1.0624658940297709,0.2790634954887976,0.02075632588897454,COMPLETE
377,0.5639307909198188,2026-08-18 10:35:29.019592,2026-08-18 10:35:30.036413,0 days 00:00:01.016821,1.0017284999447094,0.1093072123275462,0.05414814715511106,COMPLETE
378,0.7193470961006438,2026-08-18 10:35:30.036546,2026-08-18 10:35:31.052235,0 days 00:00:01.015689,0.8690747316370664,0.10096069919835446,0.07901723381935699,COMPLETE
379,0.4699151580318229,2026-08-18 10:35:31.052367,2026-08-18 10:35:32.051581,0 days 00:00:00.999214,1.043964422517782,0.40872324880738975,0.03124339143876587,COMPLETE
380,0.5889668032735917,2026-08-18 10:35:32.051717,2026-08-18 10:35:33.064338,0 days 00:00:01.012621,0.7582699081703372,0.6512571683988382,0.019981165883126192,COMPLETE
381,1.2367855806429018,2026-08-18 10:35:33.064470,2026-08-18 10:35:34.078339,0 days 00:00:01.013869,2.8638658661757255,0.8309982478768867,0.053630710733929554,COMPLETE
382,0.3045993533362873,2026-08-18 10:35:34.078474,2026-08-18 10:35:35.071205,0 days 00:00:00.992731,0.9106416145264054,0.3131589199365314,0.0001097255590421036,COMPLETE
383,0.4000753177325051,2026-08-18 10:35:35.071340,2026-08-18 10:35:36.079877,0 days 00:00:01.008537,0.5976720601586312,0.43745937428451287,0.0013967095550630883,COMPLETE
384,0.3319587342012949,2026-08-18 10:35:36.080010,2026-08-18 10:35:37.074559,0 days 00:00:00.994549,0.8885047922407697,0.28327898728351075,0.016662787054773684,COMPLETE
385,0.6408199161962054,2026-08-18 10:35:37.074701,2026-08-18 10:35:38.087958,0 days 00:00:01.013257,0.7300329217064221,0.568638502892142,0.03794754502941891,COMPLETE
386,0.682452611483376,2026-08-18 10:35:38.088094,2026-08-18 10:35:39.080292,0 days 00:00:00.992198,1.3428026224641525,0.38791554059171934,0.016442028974793348,COMPLETE
387,0.7860312707189651,2026-08-18 10:35:39.080427,2026-08-18 10:35:40.080336,0 days 00:00:00.999909,0.9391940846884017,0.6849734063598054,0.040541178717746346,COMPLETE
388,0.31197009616962673,2026-08-18 10:35:40.080478,2026-08-18 10:35:41.111826,0 days 00:00:01.031348,1.1056203916205893,0.2765118180028861,0.015322005519427796,COMPLETE
389,0.5214449919302114,2026-08-18 10:35:41.111960,2026-08-18 10:35:42.118019,0 days 00:00:01.006059,1.2050416161843405,0.1089759420202509,0.06601557420092602,COMPLETE
390,1.483371731539119,2026-08-18 10:35:42.118161,2026-08-18 10:35:43.123027,0 days 00:00:01.004866,0.826306085907415,0.9621845229921042,0.4356306879396442,COMPLETE
391,0.7239678803729068,2026-08-18 10:35:43.123156,2026-08-18 10:35:44.135514,0 days 00:00:01.012358,1.0991615714085365,0.47569252194417655,0.030479876029793945,COMPLETE
392,0.33561865962163523,2026-08-18 10:35:44.135646,2026-08-18 10:35:45.154797,0 days 00:00:01.019151,0.9532856315801386,0.28378543927560795,0.05083124181691771,COMPLETE
393,0.982058523344271,2026-08-18 10:35:45.154928,2026-08-18 10:35:46.171393,0 days 00:00:01.016465,1.1635265647192592,0.7651162645143894,0.019573812194347576,COMPLETE
394,0.442393421072341,2026-08-18 10:35:46.171525,2026-08-18 10:35:47.185915,0 days 00:00:01.014390,0.8404820715265021,0.5382617670230689,0.01680176580523066,COMPLETE
395,0.3846370923289637,2026-08-18 10:35:47.186051,2026-08-18 10:35:48.207090,0 days 00:00:01.021039,1.0365526654300876,0.319523635189472,0.043710046553261474,COMPLETE
396,0.7005473755235391,2026-08-18 10:35:48.207225,2026-08-18 10:35:49.228505,0 days 00:00:01.021280,1.289667895606411,0.277219560077634,0.07504951238848075,COMPLETE
397,0.6323125715904763,2026-08-18 10:35:49.228648,2026-08-18 10:35:50.247872,0 days 00:00:01.019224,0.962635166478914,0.10141396089031898,0.0007468370578225584,COMPLETE
398,0.42220290848848513,2026-08-18 10:35:50.248005,2026-08-18 10:35:51.257860,0 days 00:00:01.009855,0.7037971430729706,0.5487270484709065,0.0003323241763841453,COMPLETE
399,0.4970631260213727,2026-08-18 10:35:51.257991,2026-08-18 10:35:52.277245,0 days 00:00:01.019254,0.5054312840664101,0.4278568096812223,0.030480850261924895,COMPLETE
400,1.3980375460589258,2026-08-18 10:35:52.277377,2026-08-18 10:35:53.301096,0 days 00:00:01.023719,-0.5295082357630934,0.7528491830031756,0.05600975762597902,COMPLETE
401,,2026-08-18 10:35:53.301230,2026-08-18 10:35:54.304634,0 days 00:00:01.003404,1.1040137655554279,4.805492982040739,0.5052664083073951,PRUNED
402,0.48179382061432935,2026-08-18 10:35:54.304741,2026-08-18 10:35:55.328328,0 days 00:00:01.023587,1.3603778782809748,0.26780341967711135,0.03188540166159342,COMPLETE
403,0.5981506270904352,2026-08-18 10:35:55.328462,2026-08-18 10:35:56.339674,0 days 00:00:01.011212,0.8690109714285316,0.5381544730332706,0.00012726010344808156,COMPLETE
404,0.5293744472295185,2026-08-18 10:35:56.339817,2026-08-18 10:35:57.347199,0 days 00:00:01.007382,1.218032314427924,0.3939426269235671,0.019788421763654963,COMPLETE
405,0.3250532195999885,2026-08-18 10:35:57.347329,2026-08-18 10:35:58.363888,0 days 00:00:01.016559,0.9865828293129346,0.2626334609888079,0.04515774123559401,COMPLETE
406,1.322315042484868,2026-08-18 10:35:58.364019,2026-08-18 10:35:59.365291,0 days 00:00:01.001272,1.5436587867393854,0.8998552083853456,0.09906647739755922,COMPLETE
407,0.7800691832682631,2026-08-18 10:35:59.365419,2026-08-18 10:36:00.375057,0 days 00:00:01.009638,1.081418315822322,0.10672234733046121,0.46143818899940875,COMPLETE
408,1.1870958865308576,2026-08-18 10:36:00.375192,2026-08-18 10:36:01.389447,0 days 00:00:01.014255,0.6592065796440287,0.5957207671076123,0.071414764065068,COMPLETE
409,0.3846570863037604,2026-08-18 10:36:01.389580,2026-08-18 10:36:02.393135,0 days 00:00:01.003555,0.8167620803523711,0.3741087267896156,0.049938368222056065,COMPLETE
410,0.6358979788951823,2026-08-18 10:36:02.393273,2026-08-18 10:36:03.405765,0 days 00:00:01.012492,0.9734480463480499,0.10433823946034809,0.023081429443411346,COMPLETE
411,0.7714134282680672,2026-08-18 10:36:03.405898,2026-08-18 10:36:04.404581,0 days 00:00:00.998683,1.1575933425395768,0.6261307632708422,0.043519013413423506,COMPLETE
412,0.608569152533961,2026-08-18 10:36:04.404740,2026-08-18 10:36:05.409120,0 days 00:00:01.004380,1.4058048508298349,0.3994278346188689,0.017775531751901493,COMPLETE
413,0.3006348394401906,2026-08-18 10:36:05.409256,2026-08-18 10:36:06.410109,0 days 00:00:01.000853,1.0333295643460019,0.26311413770919845,0.017378000420114517,COMPLETE
414,1.1538159636321683,2026-08-18 10:36:06.410244,2026-08-18 10:36:07.404761,0 days 00:00:00.994517,1.2426961502711735,2.811819278041618,0.015462230845059136,COMPLETE
415,0.5874798535787212,2026-08-18 10:36:07.404901,2026-08-18 10:36:08.406981,0 days 00:00:01.002080,1.042663073467458,0.10046518402228743,0.06287372276991268,COMPLETE
416,0.8576566429008377,2026-08-18 10:36:08.407121,2026-08-18 10:36:09.387376,0 days 00:00:00.980255,1.1520011952880125,1.1204376258421889,0.03813374316704765,COMPLETE
417,0.9228816400345996,2026-08-18 10:36:09.387511,2026-08-18 10:36:10.386317,0 days 00:00:00.998806,1.0396027869030011,0.7205774413435344,0.01579836176202398,COMPLETE
418,0.4285743421890654,2026-08-18 10:36:10.386451,2026-08-18 10:36:11.384134,0 days 00:00:00.997683,1.2837112199603498,0.26928923143059513,0.034624953614224546,COMPLETE
419,0.40373908814361137,2026-08-18 10:36:11.384265,2026-08-18 10:36:12.393222,0 days 00:00:01.008957,0.9271838117206619,0.4394207020402899,0.01476863639951299,COMPLETE
420,0.33573262682707516,2026-08-18 10:36:12.393353,2026-08-18 10:36:13.394629,0 days 00:00:01.001276,1.1350388614205358,0.2868519342027003,0.0002334670214827171,COMPLETE
421,1.2795343810445925,2026-08-18 10:36:13.394769,2026-08-18 10:36:14.389082,0 days 00:00:00.994313,0.7827449741834573,6.860966641557368,0.08530303330543951,COMPLETE
422,1.9688718753627599,2026-08-18 10:36:14.389209,2026-08-18 10:36:15.401830,0 days 00:00:01.012621,-1.2957101075145507,0.5160215080146419,0.05862677895640192,COMPLETE
423,0.7440215828439645,2026-08-18 10:36:15.401953,2026-08-18 10:36:16.400024,0 days 00:00:00.998071,0.9182844265541065,0.8517344007184157,0.0005468531896786311,COMPLETE
424,0.3079670976681145,2026-08-18 10:36:16.400154,2026-08-18 10:36:17.411063,0 days 00:00:01.010909,1.0444839902614427,0.26237482230106324,0.03243120058663175,COMPLETE
425,0.4967531738051171,2026-08-18 10:36:17.411190,2026-08-18 10:36:18.420461,0 days 00:00:01.009271,1.4099123119549999,0.25265552684702036,0.0416717794757655,COMPLETE
426,0.5050419729621185,2026-08-18 10:36:18.420590,2026-08-18 10:36:19.425885,0 days 00:00:01.005295,1.2474828233319364,0.11059859509139824,0.05681205461170634,COMPLETE
427,0.949616021112697,2026-08-18 10:36:19.426015,2026-08-18 10:36:20.423126,0 days 00:00:00.997111,1.0582015135468168,0.5447540219776856,0.0001158516405598553,COMPLETE
428,0.36299790726118136,2026-08-18 10:36:20.423261,2026-08-18 10:36:21.428736,0 days 00:00:01.005475,0.8534893722245784,0.4176076941817265,0.03033023546525574,COMPLETE
429,0.43578987949188686,2026-08-18 10:36:21.428865,2026-08-18 10:36:22.437414,0 days 00:00:01.008549,1.1527421297595557,0.26266518310500925,0.0804288602516991,COMPLETE
430,1.1698997036799412,2026-08-18 10:36:22.437547,2026-08-18 10:36:23.438077,0 days 00:00:01.000530,0.980979374785279,0.6904972591544494,0.044223102169342936,COMPLETE
431,0.9937835756122224,2026-08-18 10:36:23.438213,2026-08-18 10:36:24.431094,0 days 00:00:00.992881,1.6620095068677498,0.46410291749161503,0.02026172815829732,COMPLETE
432,0.46215175785799095,2026-08-18 10:36:24.431225,2026-08-18 10:36:25.434769,0 days 00:00:01.003544,0.7067886982229298,0.2743839614560424,0.031031381465992377,COMPLETE
433,0.9625066916249782,2026-08-18 10:36:25.434900,2026-08-18 10:36:26.433280,0 days 00:00:00.998380,1.2744378899305153,0.6656472384509398,0.060880530910792346,COMPLETE
434,0.5199693865740648,2026-08-18 10:36:26.433411,2026-08-18 10:36:27.441282,0 days 00:00:01.007871,1.0742247500018296,0.11066168444873589,0.016428685907113,COMPLETE
435,0.5282614276318617,2026-08-18 10:36:27.441428,2026-08-18 10:36:28.433907,0 days 00:00:00.992479,0.9152850314634855,0.4472371443288798,0.03914514171018178,COMPLETE
436,0.3980125843684476,2026-08-18 10:36:28.434043,2026-08-18 10:36:29.440885,0 days 00:00:01.006842,0.7976031529140091,0.2675176337033519,0.017317235944669954,COMPLETE
437,0.9085205361541365,2026-08-18 10:36:29.441017,2026-08-18 10:36:30.443184,0 days 00:00:01.002167,1.1876336328366495,0.7949562591525272,0.044345086997873186,COMPLETE
438,0.6436110995319416,2026-08-18 10:36:30.443324,2026-08-18 10:36:31.444415,0 days 00:00:01.001091,1.039656576014356,0.5732703128000818,0.0009664861710501835,COMPLETE
439,0.5997684541130022,2026-08-18 10:36:31.444548,2026-08-18 10:36:32.460800,0 days 00:00:01.016252,0.5731909940193356,0.28181212574342523,0.06797345075586914,COMPLETE
440,0.7900083482644936,2026-08-18 10:36:32.460930,2026-08-18 10:36:33.464263,0 days 00:00:01.003333,1.368866109766552,0.4361638481903326,0.02610227369320739,COMPLETE
441,0.612288042062455,2026-08-18 10:36:33.464389,2026-08-18 10:36:34.466953,0 days 00:00:01.002564,0.9527632239226953,0.10740553282354362,0.0005927191250671218,COMPLETE
442,1.2729634797937484,2026-08-18 10:36:34.467088,2026-08-18 10:36:35.467186,0 days 00:00:01.000098,1.1325059659658638,0.5500937425130488,0.04978287227439817,COMPLETE
443,0.7912203420159006,2026-08-18 10:36:35.467320,2026-08-18 10:36:36.485383,0 days 00:00:01.018063,0.8381357762963747,0.10000366958500437,0.10325131204616195,COMPLETE
444,1.0229888384511903,2026-08-18 10:36:36.485516,2026-08-18 10:36:37.488393,0 days 00:00:01.002877,1.2831466412443777,0.9154238193119177,0.028131613455929266,COMPLETE
445,0.3402218469141156,2026-08-18 10:36:37.488526,2026-08-18 10:36:38.503273,0 days 00:00:01.014747,1.0509851538243662,0.3473904931350052,0.017292771242178363,COMPLETE
446,1.3910713586792045,2026-08-18 10:36:38.503407,2026-08-18 10:36:39.500569,0 days 00:00:00.997162,0.6694444975727576,0.7102379183806853,0.7710527810096173,COMPLETE
447,0.9265291653220274,2026-08-18 10:36:39.500709,2026-08-18 10:36:40.482762,0 days 00:00:00.982053,1.5200832509462328,0.4115952882550383,0.03427258424023377,COMPLETE
448,1.2772194225866975,2026-08-18 10:36:40.482898,2026-08-18 10:36:41.472716,0 days 00:00:00.989818,0.9375693094638815,3.9495847705339804,0.0005007423486542532,COMPLETE
449,0.306269992145681,2026-08-18 10:36:41.472849,2026-08-18 10:36:42.487706,0 days 00:00:01.014857,1.1525464288058327,0.26471537620309654,1.6434432140382952e-05,COMPLETE
450,0.533873817081875,2026-08-18 10:36:42.487839,2026-08-18 10:36:43.501345,0 days 00:00:01.013506,1.2045284451991378,0.1026130058100822,0.01653120636221607,COMPLETE
451,1.065777300915151,2026-08-18 10:36:43.501480,2026-08-18 10:36:44.504271,0 days 00:00:01.002791,1.369254910137626,0.5994754975791301,0.0002587685041178725,COMPLETE
452,0.6839996777986278,2026-08-18 10:36:44.504405,2026-08-18 10:36:45.506441,0 days 00:00:01.002036,1.1790839883852784,0.356407878958504,0.0448953481675784,COMPLETE
453,0.6675660662271826,2026-08-18 10:36:45.506577,2026-08-18 10:36:46.493329,0 days 00:00:00.986752,1.1068161884465935,0.5119085948255846,0.017832939531064896,COMPLETE
454,0.4274430630421398,2026-08-18 10:36:46.493469,2026-08-18 10:36:47.491113,0 days 00:00:00.997644,1.3072049553367788,0.27051048421407725,0.03163884331540936,COMPLETE
455,0.9151956376453023,2026-08-18 10:36:47.491251,2026-08-18 10:36:48.482481,0 days 00:00:00.991230,1.023086220080694,0.9782129327146041,0.0610244601904687,COMPLETE
456,1.6236906622648484,2026-08-18 10:36:48.482616,2026-08-18 10:36:49.480443,0 days 00:00:00.997827,1.4642930739800806,0.7225574258346809,0.017655877037328835,COMPLETE
457,0.7379881957348845,2026-08-18 10:36:49.480580,2026-08-18 10:36:50.488729,0 days 00:00:01.008149,0.7942992182255708,1.3698511386034993,0.015613233182036381,COMPLETE
458,0.35563381989818355,2026-08-18 10:36:50.488857,2026-08-18 10:36:51.491210,0 days 00:00:01.002353,1.1999531080651697,0.2740577006883547,0.0011726668277858075,COMPLETE
459,1.1535650076000334,2026-08-18 10:36:51.491343,2026-08-18 10:36:52.487763,0 days 00:00:00.996420,0.9105994616481491,0.476860216289305,0.08012537406643,COMPLETE
460,1.3577688373477723,2026-08-18 10:36:52.487902,2026-08-18 10:36:53.473674,0 days 00:00:00.985772,1.0749948534155696,6.526713534309745,0.048271258831955335,COMPLETE
461,1.6868095675984984,2026-08-18 10:36:53.473808,2026-08-18 10:36:54.517392,0 days 00:00:01.043584,-0.27421043065724193,0.10052295803830355,0.03161956493431723,COMPLETE
462,0.8703432625580633,2026-08-18 10:36:54.517528,2026-08-18 10:36:55.502005,0 days 00:00:00.984477,0.9778443042347215,0.6029025118891268,0.033665483784331,COMPLETE
463,1.3137603007682657,2026-08-18 10:36:55.502127,2026-08-18 10:36:56.483142,0 days 00:00:00.981015,1.1433583052946399,8.42513195927548,0.05392277078163754,COMPLETE
464,0.39101474109807877,2026-08-18 10:36:56.483284,2026-08-18 10:36:57.484034,0 days 00:00:01.000750,0.771754283439589,0.2864943211194868,0.0015665468913982784,COMPLETE
465,0.6239258456796419,2026-08-18 10:36:57.484177,2026-08-18 10:36:58.481534,0 days 00:00:00.997357,1.2475144453895475,0.40760756054259834,0.0001403148079560022,COMPLETE
466,0.7107850176919178,2026-08-18 10:36:58.481677,2026-08-18 10:36:59.485004,0 days 00:00:01.003327,0.8775069714599323,0.8089376332137532,0.019038067503473317,COMPLETE
467,0.3382470065257406,2026-08-18 10:36:59.485141,2026-08-18 10:37:00.505295,0 days 00:00:01.020154,1.0471647790066902,0.2743181543431356,0.036080350022323654,COMPLETE
468,0.7468712919759307,2026-08-18 10:37:00.505434,2026-08-18 10:37:01.507780,0 days 00:00:01.002346,1.2913965135425156,0.47698850999518727,6.620932980140777e-05,COMPLETE
469,0.8249843259254546,2026-08-18 10:37:01.507917,2026-08-18 10:37:02.521569,0 days 00:00:01.013652,0.29245129965848127,0.6550279071823109,0.07375515506888355,COMPLETE
470,0.6126495611846778,2026-08-18 10:37:02.521703,2026-08-18 10:37:03.528847,0 days 00:00:01.007144,0.972856611858887,0.10698780383499848,0.051589968161098385,COMPLETE
471,0.33064143625745984,2026-08-18 10:37:03.528983,2026-08-18 10:37:04.527826,0 days 00:00:00.998843,1.125279197946557,0.276714180936526,0.021778908548003167,COMPLETE
472,0.4125720203308686,2026-08-18 10:37:04.527959,2026-08-18 10:37:05.540247,0 days 00:00:01.012288,0.8445955236918969,0.4612977039862406,0.03086030905333782,COMPLETE
473,0.46228292659231723,2026-08-18 10:37:05.540375,2026-08-18 10:37:06.539794,0 days 00:00:00.999419,0.7182320670322879,0.2707411009755812,0.017421956728381524,COMPLETE
474,1.1617697058283922,2026-08-18 10:37:06.539925,2026-08-18 10:37:07.533772,0 days 00:00:00.993847,1.4271528401284581,0.6032307460756794,8.20778494069988e-06,COMPLETE
475,0.9920877208645172,2026-08-18 10:37:07.533904,2026-08-18 10:37:08.532098,0 days 00:00:00.998194,1.006312764279098,1.0952080249415512,0.057887323011398345,COMPLETE
476,0.5137744309380178,2026-08-18 10:37:08.532227,2026-08-18 10:37:09.542759,0 days 00:00:01.010532,1.1600813043392337,0.10577690870793963,0.042088154027265054,COMPLETE
477,0.7918143761952339,2026-08-18 10:37:09.542889,2026-08-18 10:37:10.542970,0 days 00:00:01.000081,0.6050754840320768,0.800719446318279,0.09414595834456656,COMPLETE
478,0.4159515399325154,2026-08-18 10:37:10.543103,2026-08-18 10:37:11.541814,0 days 00:00:00.998711,0.9124991533721927,0.4488197100486354,0.02215513177873695,COMPLETE
479,0.9277250418201857,2026-08-18 10:37:11.541949,2026-08-18 10:37:12.538730,0 days 00:00:00.996781,1.302195206555606,0.4006212086148848,0.039272716266260055,COMPLETE
480,0.5926161281062251,2026-08-18 10:37:12.538858,2026-08-18 10:37:13.554349,0 days 00:00:01.015491,1.069883278997646,0.10417349484638413,0.06872086134036724,COMPLETE
481,1.838588787195426,2026-08-18 10:37:13.554476,2026-08-18 10:37:14.566341,0 days 00:00:01.011865,-2.4569858395234947,7.114578737909622,0.01768273252179329,COMPLETE
482,0.553171976297065,2026-08-18 10:37:14.566471,2026-08-18 10:37:15.576921,0 days 00:00:01.010450,0.8424820132676087,0.6214753746136581,0.01756640088123823,COMPLETE
483,0.5435036952753061,2026-08-18 10:37:15.577056,2026-08-18 10:37:16.587600,0 days 00:00:01.010544,1.1804354008737994,0.3289976435198292,0.04475222808357247,COMPLETE
484,0.31686073663070746,2026-08-18 10:37:16.587735,2026-08-18 10:37:17.584195,0 days 00:00:00.996460,1.0293428756391014,0.26045964640285996,0.00034146178110391054,COMPLETE
485,0.920129920219105,2026-08-18 10:37:17.584331,2026-08-18 10:37:18.564872,0 days 00:00:00.980541,1.224795157728771,0.5528188751019139,0.01621024425464403,COMPLETE
486,0.8663733298900695,2026-08-18 10:37:18.565003,2026-08-18 10:37:19.552168,0 days 00:00:00.987165,1.0787444305936191,0.8628450300075325,0.0015008602739735068,COMPLETE
487,0.36692659894112734,2026-08-18 10:37:19.552298,2026-08-18 10:37:20.547840,0 days 00:00:00.995542,0.738218123395595,0.38742770258695913,0.017605551423464875,COMPLETE
488,0.31165653101439045,2026-08-18 10:37:20.547979,2026-08-18 10:37:21.553055,0 days 00:00:01.005076,0.9012367250021975,0.2864790703290555,0.0017398583770840675,COMPLETE
489,1.0224136595512732,2026-08-18 10:37:21.553181,2026-08-18 10:37:22.553127,0 days 00:00:00.999946,0.9009066267572925,0.6680195934801509,0.00019123558571694163,COMPLETE
490,0.3687818167600765,2026-08-18 10:37:22.553257,2026-08-18 10:37:23.560284,0 days 00:00:01.007027,0.6559938095085456,0.4487071672733159,0.018683844445571404,COMPLETE
491,0.7250568438220992,2026-08-18 10:37:23.560414,2026-08-18 10:37:24.579541,0 days 00:00:01.019127,0.831624765758251,0.10289857743840336,0.031066976349512842,COMPLETE
492,0.5552950914164506,2026-08-18 10:37:24.579676,2026-08-18 10:37:25.594538,0 days 00:00:01.014862,0.5394702158527986,0.2901255439419723,0.0003809942174172118,COMPLETE
493,0.5060026127009072,2026-08-18 10:37:25.594675,2026-08-18 10:37:26.606882,0 days 00:00:01.012207,0.4178158564557578,0.7527312001498906,0.001607733498522846,COMPLETE
494,0.7170666928997147,2026-08-18 10:37:26.607010,2026-08-18 10:37:27.601824,0 days 00:00:00.994814,0.9773168473918289,0.5183871785869674,0.031622069696518665,COMPLETE
495,0.4556309074235542,2026-08-18 10:37:27.601957,2026-08-18 10:37:28.612294,0 days 00:00:01.010337,0.7494299672603979,0.2620163162905671,0.0006107817487422743,COMPLETE
496,0.7373762491418806,2026-08-18 10:37:28.612432,2026-08-18 10:37:29.606194,0 days 00:00:00.993762,0.9322215414311948,0.5512176058037863,0.030529343498726314,COMPLETE
497,0.8246363346840689,2026-08-18 10:37:29.606323,2026-08-18 10:37:30.600277,0 days 00:00:00.993954,1.0474811318687163,1.0354337213950475,0.017266437968524284,COMPLETE
498,0.3350037891474183,2026-08-18 10:37:30.600402,2026-08-18 10:37:31.614116,0 days 00:00:01.013714,0.8314191602245885,0.29730605797334675,0.000404310868191312,COMPLETE
499,1.3838350411050542,2026-08-18 10:37:31.614241,2026-08-18 10:37:32.613300,0 days 00:00:00.999059,1.322707843844138,0.43858325314575314,0.04816864553478961,COMPLETE
